calls,label,mean_exec_time,query,queryid,rows,total_exec_time
244,core_admin,579.105273418033,"WITH shows_with_slug AS (
          SELECT
            s.id,
            s.name,
            s.slug,
            COALESCE(s.alternative_names, ARRAY[]::text[]) AS alternative_names,
            s.imdb_id,
            s.tmdb_id,
            s.tvdb_id,
            s.tvrage_id,
            s.wikidata_id,
            COALESCE(s.external_ids, $1::jsonb) AS external_ids,
            s.show_total_seasons,
            s.show_total_episodes,
            s.description,
            s.premiere_date,
            COALESCE(s.genres, ARRAY[]::text[]) AS genres,
            COALESCE(s.networks, ARRAY[]::text[]) AS networks,
            COALESCE(s.streaming_providers, ARRAY[]::text[]) AS streaming_providers,
            COALESCE(watch.provider_names, ARRAY[]::text[]) AS watch_providers,
            watch.justwatch_url,
            watch.overview_watch_availability,
            watch.watch_provider_regions,
            COALESCE(s.tags, ARRAY[]::text[]) AS tags,
            s.primary_poster_image_id,
            s.primary_backdrop_image_id,
            s.primary_logo_image_id,
            s.tmdb_status,
            s.tmdb_vote_average,
            s.imdb_rating_value,
            s.created_at,
            s.updated_at,
            
lower(
  trim(
    both $2 FROM regexp_replace(
      regexp_replace(COALESCE(s.name, $3), $4, $5, $6),
      $7,
      $8,
      $9
    )
  )
)
 AS computed_slug,
            COUNT(*) OVER (PARTITION BY 
lower(
  trim(
    both '-' FROM regexp_replace(
      regexp_replace(COALESCE(s.name, ''), '&', ' and ', 'gi'),
      '[^a-z0-9]+',
      '-',
      'gi'
    )
  )
)
) AS slug_collision_count
          FROM core.shows AS s
          LEFT JOIN LATERAL (
            SELECT
              COALESCE(
                ARRAY_AGG(DISTINCT btrim(wp.provider_name) ORDER BY btrim(wp.provider_name))
                  FILTER (WHERE btrim(COALESCE(wp.provider_name, $10)) <> $11),
                ARRAY[]::text[]
              ) AS provider_names,
              MIN(NULLIF(btrim(swp.link), $12)) AS justwatch_url
              ,
              COALESCE(
                (
                  SELECT jsonb_agg(
                    jsonb_build_object(
                      $13,
                      grouped.region,
                      $14,
                      grouped.stream,
                      $15,
                      grouped.buy
                    )
                    ORDER BY grouped.sort_order
                  )
                  FROM (
                    SELECT
                      swp_group.region,
                      CASE swp_group.region
                        WHEN $16 THEN $17
                        WHEN $18 THEN $19
                        WHEN $20 THEN $21
                        WHEN $22 THEN $23
                        ELSE $24
                      END AS sort_order,
                      COALESCE(
                        ARRAY_AGG(DISTINCT btrim(wp_group.provider_name) ORDER BY btrim(wp_group.provider_name))
                          FILTER (
                            WHERE swp_group.offer_type IN ($25, $26)
                              AND btrim(COALESCE(wp_group.provider_name, $27)) <> $28
                          ),
                        ARRAY[]::text[]
                      ) AS stream,
                      COALESCE(
                        ARRAY_AGG(DISTINCT btrim(wp_group.provider_name) ORDER BY btrim(wp_group.provider_name))
                          FILTER (
                            WHERE swp_group.offer_type IN ($29, $30)
                              AND btrim(COALESCE(wp_group.provider_name, $31)) <> $32
                          ),
                        ARRAY[]::text[]
                      ) AS buy
                    FROM core.show_watch_providers AS swp_group
                    JOIN core.watch_providers AS wp_group ON wp_group.provider_id = swp_group.provider_id
                    WHERE swp_group.show_id = s.id
                      AND swp_group.region IN ($33, $34, $35, $36)
                    GROUP BY swp_group.region
                  ) AS grouped
                ),
                $37::jsonb
              ) AS overview_watch_availability,
              COALESCE(
                (
                  SELECT jsonb_agg(
                    jsonb_build_object(
                      $38,
                      grouped.region,
                      $39,
                      grouped.stream,
                      $40,
                      grouped.free,
                      $41,
                      grouped.buy_rent
                    )
                    ORDER BY grouped.sort_order, grouped.region
                  )
                  FROM (
                    SELECT
                      upper(btrim(swp_group.region)) AS region,
                      CASE upper(btrim(swp_group.region))
                        WHEN $42 THEN $43
                        WHEN $44 THEN $45
                        WHEN $46 THEN $47
                        WHEN $48 THEN $49
                        ELSE $50
                      END AS sort_order,
                      COALESCE(
                        ARRAY_AGG(DISTINCT btrim(wp_group.provider_name) ORDER BY btrim(wp_group.provider_name))
                          FILTER (
                            WHERE swp_group.offer_type IN ($51, $52)
                              AND btrim(COALESCE(wp_group.provider_name, $53)) <> $54
                          ),
                        ARRAY[]::text[]
                      ) AS stream,
                      COALESCE(
                        ARRAY_AGG(DISTINCT btrim(wp_group.provider_name) ORDER BY btrim(wp_group.provider_name))
                          FILTER (
                            WHERE swp_group.offer_type = $55
                              AND btrim(COALESCE(wp_group.provider_name, $56)) <> $57
                          ),
                        ARRAY[]::text[]
                      ) AS free,
                      COALESCE(
                        ARRAY_AGG(DISTINCT btrim(wp_group.provider_name) ORDER BY btrim(wp_group.provider_name))
                          FILTER (
                            WHERE swp_group.offer_type IN ($58, $59)
                              AND btrim(COALESCE(wp_group.provider_name, $60)) <> $61
                          ),
                        ARRAY[]::text[]
                      ) AS buy_rent
                    FROM core.show_watch_providers AS swp_group
                    JOIN core.watch_providers AS wp_group ON wp_group.provider_id = swp_group.provider_id
                    WHERE swp_group.show_id = s.id
                      AND btrim(COALESCE(swp_group.region, $62)) <> $63
                    GROUP BY upper(btrim(swp_group.region))
                  ) AS grouped
                ),
                $64::jsonb
              ) AS watch_provider_regions
            FROM core.show_watch_providers AS swp
            JOIN core.watch_providers AS wp ON wp.provider_id = swp.provider_id
            WHERE swp.show_id = s.id
          ) AS watch ON $65
        )
        SELECT
          s.*,
          CASE
            WHEN s.slug_collision_count > $66
              THEN COALESCE(NULLIF(s.slug, $67), s.computed_slug) || $68 || lower(left(s.id::text, $69))
            ELSE COALESCE(NULLIF(s.slug, $70), s.computed_slug)
          END AS canonical_slug,
          poster.hosted_url AS poster_url,
          backdrop.hosted_url AS backdrop_url,
          logo.hosted_url AS logo_url
        FROM shows_with_slug AS s
        LEFT JOIN core.show_images AS poster ON poster.id = s.primary_poster_image_id
        LEFT JOIN core.show_images AS backdrop ON backdrop.id = s.primary_backdrop_image_id
        LEFT JOIN core.show_images AS logo ON logo.id = s.primary_logo_image_id
        WHERE s.id = $71::uuid
        LIMIT $72",5178790366357296782,244,141301.686714
840,core_admin,136.927240408333,"WITH shows_with_slug AS (
         SELECT
           s.id::text AS id,
           s.name,
           COALESCE(s.alternative_names, ARRAY[]::text[]) AS alternative_names,
           
  lower(
    trim(
      both $2 FROM regexp_replace(
        regexp_replace(COALESCE(s.name, $3), $4, $5, $6),
        $7,
        $8,
        $9
      )
    )
  )
 AS computed_slug,
           COALESCE(
             NULLIF(
               lower(
                 trim(
                   both $10 FROM regexp_replace(
                     regexp_replace(COALESCE(s.slug, $11), $12, $13, $14),
                     $15,
                     $16,
                     $17
                   )
                 )
               ),
               $18
             ),
             
  lower(
    trim(
      both $19 FROM regexp_replace(
        regexp_replace(COALESCE(s.name, $20), $21, $22, $23),
        $24,
        $25,
        $26
      )
    )
  )

           ) AS effective_slug
         FROM core.shows AS s
       )
       SELECT
         s.id,
         s.name,
         s.alternative_names,
         s.effective_slug AS slug,
         CASE
           WHEN COUNT(*) OVER (PARTITION BY s.effective_slug) > $27
             THEN s.effective_slug || $28 || lower(left(s.id, $29))
           ELSE s.effective_slug
         END AS canonical_slug
       FROM shows_with_slug AS s
       WHERE (
         s.effective_slug = $1
         OR s.computed_slug = $1
         OR EXISTS (
           SELECT $30
           FROM unnest(s.alternative_names) AS alt(name)
           WHERE lower(
             trim(
               both $31 FROM regexp_replace(
                 regexp_replace(COALESCE(alt.name, $32), $33, $34, $35),
                 $36,
                 $37,
                 $38
               )
             )
           ) = $1
         )
       )
       ORDER BY s.id ASC",-5709656922509978140,818,115018.881943
13,core_admin,5730.13034146154,"WITH shows_with_slug AS (
       SELECT
         s.id,
         s.slug,
         
  lower(
    trim(
      both $2 FROM regexp_replace(
        regexp_replace(COALESCE(s.name, $3), $4, $5, $6),
        $7,
        $8,
        $9
      )
    )
  )
 AS computed_slug,
         COUNT(*) OVER (PARTITION BY 
  lower(
    trim(
      both '-' FROM regexp_replace(
        regexp_replace(COALESCE(s.name, ''), '&', ' and ', 'gi'),
        '[^a-z0-9]+',
        '-',
        'gi'
      )
    )
  )
) AS slug_collision_count
       FROM core.shows AS s
     ),
     person_metrics AS (
       SELECT
         p.id AS person_id,
         p.full_name AS person_name,
         $10::int AS metric_value,
         GREATEST(p.updated_at, p.created_at) AS latest_at
       FROM core.people AS p
     )
     SELECT
       person_metrics.person_id,
       p.full_name,
       p.known_for,
       COALESCE(photo.thumb_url, photo.display_url, photo.hosted_url, photo.url) AS photo_url,
       person_metrics.metric_value,
       show_context.canonical_slug AS show_context,
       person_metrics.latest_at
     FROM person_metrics
     JOIN core.people AS p ON p.id = person_metrics.person_id
     
  LEFT JOIN LATERAL (
    SELECT
      cp.thumb_url,
      cp.display_url,
      cp.hosted_url,
      cp.url
    FROM core.v_cast_photos AS cp
    WHERE cp.person_id = person_metrics.person_id
    ORDER BY
      CASE
        WHEN lower(COALESCE(cp.context_section, $11)) = $12 THEN $13
        WHEN lower(COALESCE(cp.context_section, $14)) IN ($15, $16) THEN $17
        ELSE $18
      END,
      cp.gallery_index ASC NULLS LAST
    LIMIT $19
  ) AS photo ON $20

     
  LEFT JOIN LATERAL (
    SELECT
      CASE
        WHEN sws.slug_collision_count > $21
          THEN COALESCE(NULLIF(sws.slug, $22), sws.computed_slug) || $23 || lower(left(sws.id::text, $24))
        ELSE COALESCE(NULLIF(sws.slug, $25), sws.computed_slug)
      END AS canonical_slug
    FROM core.v_person_show_seasons AS vpss
    JOIN shows_with_slug AS sws ON sws.id = vpss.show_id
    WHERE vpss.person_id = person_metrics.person_id
    ORDER BY
      COALESCE(vpss.total_episodes, $26) DESC,
      vpss.show_id ASC
    LIMIT $27
  ) AS show_context ON $28

     ORDER BY
       person_metrics.latest_at DESC NULLS LAST,
       p.full_name ASC
     LIMIT $1",-3969925430085414570,156,74491.694439
6527,core_admin,11.069824063582,"SELECT
         s.id::text AS id,
         s.name,
         COALESCE(s.alternative_names, ARRAY[]::text[]) AS alternative_names,
         lower(
           trim(
             both $2 FROM regexp_replace(
               regexp_replace(COALESCE(s.name, $3), $4, $5, $6),
               $7,
               $8,
               $9
             )
           )
         ) AS slug
       FROM core.shows AS s
       WHERE (
         lower(
           trim(
             both $10 FROM regexp_replace(
               regexp_replace(COALESCE(s.name, $11), $12, $13, $14),
               $15,
               $16,
               $17
             )
           )
         ) = $1
         OR EXISTS (
           SELECT $18
           FROM unnest(COALESCE(s.alternative_names, ARRAY[]::text[])) AS alt(name)
           WHERE lower(
             trim(
               both $19 FROM regexp_replace(
                 regexp_replace(COALESCE(alt.name, $20), $21, $22, $23),
                 $24,
                 $25,
                 $26
               )
             )
           ) = $1
         )
       )
       ORDER BY s.id ASC",9195129330101658889,6497,72252.741663
4654,core_admin,12.3621505096691,"WITH shows_with_slug AS (
       SELECT
         s.*,
         
  lower(
    trim(
      both $2 FROM regexp_replace(
        regexp_replace(COALESCE(s.name, $3), $4, $5, $6),
        $7,
        $8,
        $9
      )
    )
  )
 AS computed_slug,
         COUNT(*) OVER (PARTITION BY 
  lower(
    trim(
      both '-' FROM regexp_replace(
        regexp_replace(COALESCE(s.name, ''), '&', ' and ', 'gi'),
        '[^a-z0-9]+',
        '-',
        'gi'
      )
    )
  )
) AS slug_collision_count
       FROM core.shows AS s
     )
     SELECT
       s.*,
       CASE
         WHEN s.slug_collision_count > $10
           THEN COALESCE(NULLIF(s.slug, $11), s.computed_slug) || $12 || lower(left(s.id::text, $13))
         ELSE COALESCE(NULLIF(s.slug, $14), s.computed_slug)
       END AS canonical_slug,
       poster.hosted_url AS poster_url,
       backdrop.hosted_url AS backdrop_url,
       logo.hosted_url AS logo_url
     FROM shows_with_slug AS s
     LEFT JOIN core.show_images AS poster ON poster.id = s.primary_poster_image_id
     LEFT JOIN core.show_images AS backdrop ON backdrop.id = s.primary_backdrop_image_id
     LEFT JOIN core.show_images AS logo ON logo.id = s.primary_logo_image_id
     WHERE s.id = $1::uuid
     LIMIT $15",-8899701843221961805,4654,57533.4484719999
13,core_admin,3826.71770869231,"WITH shows_with_slug AS (
       SELECT
         s.id,
         s.slug,
         
  lower(
    trim(
      both $2 FROM regexp_replace(
        regexp_replace(COALESCE(s.name, $3), $4, $5, $6),
        $7,
        $8,
        $9
      )
    )
  )
 AS computed_slug,
         COUNT(*) OVER (PARTITION BY 
  lower(
    trim(
      both '-' FROM regexp_replace(
        regexp_replace(COALESCE(s.name, ''), '&', ' and ', 'gi'),
        '[^a-z0-9]+',
        '-',
        'gi'
      )
    )
  )
) AS slug_collision_count
       FROM core.shows AS s
     ),
     person_metrics AS (
       SELECT
         vec.person_id,
         MAX(vec.person_name) AS person_name,
         COUNT(DISTINCT vec.episode_id)::int AS metric_value
       FROM core.v_episode_credits AS vec
       WHERE COALESCE(vec.appearance_type, $10) <> $11
       GROUP BY vec.person_id
     )
     SELECT
       person_metrics.person_id,
       COALESCE(p.full_name, person_metrics.person_name) AS full_name,
       p.known_for,
       COALESCE(photo.thumb_url, photo.display_url, photo.hosted_url, photo.url) AS photo_url,
       person_metrics.metric_value,
       show_context.canonical_slug AS show_context,
       $12::timestamptz AS latest_at
     FROM person_metrics
     LEFT JOIN core.people AS p ON p.id = person_metrics.person_id
     
  LEFT JOIN LATERAL (
    SELECT
      cp.thumb_url,
      cp.display_url,
      cp.hosted_url,
      cp.url
    FROM core.v_cast_photos AS cp
    WHERE cp.person_id = person_metrics.person_id
    ORDER BY
      CASE
        WHEN lower(COALESCE(cp.context_section, $13)) = $14 THEN $15
        WHEN lower(COALESCE(cp.context_section, $16)) IN ($17, $18) THEN $19
        ELSE $20
      END,
      cp.gallery_index ASC NULLS LAST
    LIMIT $21
  ) AS photo ON $22

     
  LEFT JOIN LATERAL (
    SELECT
      CASE
        WHEN sws.slug_collision_count > $23
          THEN COALESCE(NULLIF(sws.slug, $24), sws.computed_slug) || $25 || lower(left(sws.id::text, $26))
        ELSE COALESCE(NULLIF(sws.slug, $27), sws.computed_slug)
      END AS canonical_slug
    FROM core.v_person_show_seasons AS vpss
    JOIN shows_with_slug AS sws ON sws.id = vpss.show_id
    WHERE vpss.person_id = person_metrics.person_id
    ORDER BY
      COALESCE(vpss.total_episodes, $28) DESC,
      vpss.show_id ASC
    LIMIT $29
  ) AS show_context ON $30

     ORDER BY
       person_metrics.metric_value DESC,
       COALESCE(p.full_name, person_metrics.person_name) ASC NULLS LAST
     LIMIT $1",-7627530754554678049,156,49747.330213
13,core_admin,3572.42282669231,"WITH shows_with_slug AS (
       SELECT
         s.id,
         s.slug,
         
  lower(
    trim(
      both $2 FROM regexp_replace(
        regexp_replace(COALESCE(s.name, $3), $4, $5, $6),
        $7,
        $8,
        $9
      )
    )
  )
 AS computed_slug,
         COUNT(*) OVER (PARTITION BY 
  lower(
    trim(
      both '-' FROM regexp_replace(
        regexp_replace(COALESCE(s.name, ''), '&', ' and ', 'gi'),
        '[^a-z0-9]+',
        '-',
        'gi'
      )
    )
  )
) AS slug_collision_count
       FROM core.shows AS s
     ),
     person_metrics AS (
       SELECT
         vpss.person_id,
         MAX(vpss.person_name) AS person_name,
         COUNT(DISTINCT vpss.show_id)::int AS metric_value
       FROM core.v_person_show_seasons AS vpss
       GROUP BY vpss.person_id
     )
     SELECT
       person_metrics.person_id,
       COALESCE(p.full_name, person_metrics.person_name) AS full_name,
       p.known_for,
       COALESCE(photo.thumb_url, photo.display_url, photo.hosted_url, photo.url) AS photo_url,
       person_metrics.metric_value,
       show_context.canonical_slug AS show_context,
       $10::timestamptz AS latest_at
     FROM person_metrics
     LEFT JOIN core.people AS p ON p.id = person_metrics.person_id
     
  LEFT JOIN LATERAL (
    SELECT
      cp.thumb_url,
      cp.display_url,
      cp.hosted_url,
      cp.url
    FROM core.v_cast_photos AS cp
    WHERE cp.person_id = person_metrics.person_id
    ORDER BY
      CASE
        WHEN lower(COALESCE(cp.context_section, $11)) = $12 THEN $13
        WHEN lower(COALESCE(cp.context_section, $14)) IN ($15, $16) THEN $17
        ELSE $18
      END,
      cp.gallery_index ASC NULLS LAST
    LIMIT $19
  ) AS photo ON $20

     
  LEFT JOIN LATERAL (
    SELECT
      CASE
        WHEN sws.slug_collision_count > $21
          THEN COALESCE(NULLIF(sws.slug, $22), sws.computed_slug) || $23 || lower(left(sws.id::text, $24))
        ELSE COALESCE(NULLIF(sws.slug, $25), sws.computed_slug)
      END AS canonical_slug
    FROM core.v_person_show_seasons AS vpss
    JOIN shows_with_slug AS sws ON sws.id = vpss.show_id
    WHERE vpss.person_id = person_metrics.person_id
    ORDER BY
      COALESCE(vpss.total_episodes, $26) DESC,
      vpss.show_id ASC
    LIMIT $27
  ) AS show_context ON $28

     ORDER BY
       person_metrics.metric_value DESC,
       COALESCE(p.full_name, person_metrics.person_name) ASC NULLS LAST
     LIMIT $1",-2551060830848654560,156,46441.496747
5942,core_admin,5.56699968832044,"WITH shows_with_slug AS (
       SELECT
         s.*,
         
  lower(
    trim(
      both $2 FROM regexp_replace(
        regexp_replace(COALESCE(s.name, $3), $4, $5, $6),
        $7,
        $8,
        $9
      )
    )
  )
 AS slug,
         COUNT(*) OVER (PARTITION BY 
  lower(
    trim(
      both '-' FROM regexp_replace(
        regexp_replace(COALESCE(s.name, ''), '&', ' and ', 'gi'),
        '[^a-z0-9]+',
        '-',
        'gi'
      )
    )
  )
) AS slug_collision_count
       FROM core.shows AS s
     )
     SELECT
       s.*,
       CASE
         WHEN s.slug_collision_count > $10
           THEN s.slug || $11 || lower(left(s.id::text, $12))
         ELSE s.slug
       END AS canonical_slug,
       poster.hosted_url AS poster_url,
       backdrop.hosted_url AS backdrop_url,
       logo.hosted_url AS logo_url
     FROM shows_with_slug AS s
     LEFT JOIN core.show_images AS poster ON poster.id = s.primary_poster_image_id
     LEFT JOIN core.show_images AS backdrop ON backdrop.id = s.primary_backdrop_image_id
     LEFT JOIN core.show_images AS logo ON logo.id = s.primary_logo_image_id
     WHERE s.id = $1::uuid
     LIMIT $13",-3171483593008597627,5923,33079.112148
9,core_admin,3620.518093,"WITH shows_with_slug AS (
          SELECT
            s.id,
            s.slug,
            
lower(
  trim(
    both $1 FROM regexp_replace(
      regexp_replace(COALESCE(s.name, $2), $3, $4, $5),
      $6,
      $7,
      $8
    )
  )
)
 AS computed_slug,
            COUNT(*) OVER (PARTITION BY 
lower(
  trim(
    both '-' FROM regexp_replace(
      regexp_replace(COALESCE(s.name, ''), '&', ' and ', 'gi'),
      '[^a-z0-9]+',
      '-',
      'gi'
    )
  )
)
) AS slug_collision_count
          FROM core.shows AS s
        ),
        person_metrics AS (
          SELECT
            p.id AS person_id,
            p.full_name AS person_name,
            $9::int AS metric_value,
            GREATEST(p.updated_at, p.created_at) AS latest_at
          FROM core.people AS p
        )
        SELECT
          person_metrics.person_id::text AS person_id,
          p.full_name,
          p.known_for,
          COALESCE(photo.thumb_url, photo.display_url, photo.hosted_url, photo.url) AS photo_url,
          person_metrics.metric_value,
          show_context.canonical_slug AS show_context,
          person_metrics.latest_at
        FROM person_metrics
        JOIN core.people AS p ON p.id = person_metrics.person_id
        
LEFT JOIN LATERAL (
  SELECT
    cp.thumb_url,
    cp.display_url,
    cp.hosted_url,
    cp.url
  FROM core.v_cast_photos AS cp
  WHERE cp.person_id = person_metrics.person_id
  ORDER BY
    CASE
      WHEN lower(COALESCE(cp.context_section, $10)) = $11 THEN $12
      WHEN lower(COALESCE(cp.context_section, $13)) IN (
        $14,
        $15
      ) THEN $16
      ELSE $17
    END,
    cp.gallery_index ASC NULLS LAST
  LIMIT $18
) AS photo ON $19

        
LEFT JOIN LATERAL (
  SELECT
    CASE
      WHEN sws.slug_collision_count > $20
        THEN COALESCE(NULLIF(sws.slug, $21), sws.computed_slug) || $22 || lower(left(sws.id::text, $23))
      ELSE COALESCE(NULLIF(sws.slug, $24), sws.computed_slug)
    END AS canonical_slug
  FROM core.v_person_show_seasons AS vpss
  JOIN shows_with_slug AS sws ON sws.id = vpss.show_id
  WHERE vpss.person_id = person_metrics.person_id
  ORDER BY
    COALESCE(vpss.total_episodes, $25) DESC,
    vpss.show_id ASC
  LIMIT $26
) AS show_context ON $27

        ORDER BY
          person_metrics.latest_at DESC NULLS LAST,
          p.full_name ASC
        LIMIT $28",-8134504135772872698,84,32584.662837
9,core_admin,3049.09896011111,"WITH shows_with_slug AS (
          SELECT
            s.id,
            s.slug,
            
lower(
  trim(
    both $1 FROM regexp_replace(
      regexp_replace(COALESCE(s.name, $2), $3, $4, $5),
      $6,
      $7,
      $8
    )
  )
)
 AS computed_slug,
            COUNT(*) OVER (PARTITION BY 
lower(
  trim(
    both '-' FROM regexp_replace(
      regexp_replace(COALESCE(s.name, ''), '&', ' and ', 'gi'),
      '[^a-z0-9]+',
      '-',
      'gi'
    )
  )
)
) AS slug_collision_count
          FROM core.shows AS s
        ),
        person_metrics AS (
          SELECT
            vpss.person_id,
            MAX(vpss.person_name) AS person_name,
            COUNT(DISTINCT vpss.show_id)::int AS metric_value
          FROM core.v_person_show_seasons AS vpss
          GROUP BY vpss.person_id
        )
        SELECT
          person_metrics.person_id::text AS person_id,
          COALESCE(p.full_name, person_metrics.person_name) AS full_name,
          p.known_for,
          COALESCE(photo.thumb_url, photo.display_url, photo.hosted_url, photo.url) AS photo_url,
          person_metrics.metric_value,
          show_context.canonical_slug AS show_context,
          $9::timestamptz AS latest_at
        FROM person_metrics
        LEFT JOIN core.people AS p ON p.id = person_metrics.person_id
        
LEFT JOIN LATERAL (
  SELECT
    cp.thumb_url,
    cp.display_url,
    cp.hosted_url,
    cp.url
  FROM core.v_cast_photos AS cp
  WHERE cp.person_id = person_metrics.person_id
  ORDER BY
    CASE
      WHEN lower(COALESCE(cp.context_section, $10)) = $11 THEN $12
      WHEN lower(COALESCE(cp.context_section, $13)) IN (
        $14,
        $15
      ) THEN $16
      ELSE $17
    END,
    cp.gallery_index ASC NULLS LAST
  LIMIT $18
) AS photo ON $19

        
LEFT JOIN LATERAL (
  SELECT
    CASE
      WHEN sws.slug_collision_count > $20
        THEN COALESCE(NULLIF(sws.slug, $21), sws.computed_slug) || $22 || lower(left(sws.id::text, $23))
      ELSE COALESCE(NULLIF(sws.slug, $24), sws.computed_slug)
    END AS canonical_slug
  FROM core.v_person_show_seasons AS vpss
  JOIN shows_with_slug AS sws ON sws.id = vpss.show_id
  WHERE vpss.person_id = person_metrics.person_id
  ORDER BY
    COALESCE(vpss.total_episodes, $25) DESC,
    vpss.show_id ASC
  LIMIT $26
) AS show_context ON $27

        ORDER BY
          person_metrics.metric_value DESC,
          COALESCE(p.full_name, person_metrics.person_name) ASC NULLS LAST
        LIMIT $28",5626260802679552407,84,27441.890641
11,core_admin,2399.63188945455,"WITH shows_with_slug AS (
       SELECT
         s.id,
         s.name,
         s.slug,
         
  lower(
    trim(
      both $5 FROM regexp_replace(
        regexp_replace(COALESCE(s.name, $6), $7, $8, $9),
        $10,
        $11,
        $12
      )
    )
  )
 AS computed_slug,
         COUNT(*) OVER (PARTITION BY 
  lower(
    trim(
      both '-' FROM regexp_replace(
        regexp_replace(COALESCE(s.name, ''), '&', ' and ', 'gi'),
        '[^a-z0-9]+',
        '-',
        'gi'
      )
    )
  )
) AS slug_collision_count
       FROM core.shows AS s
     )
     SELECT
       e.id,
       e.title,
       e.episode_number,
       e.season_number,
       e.air_date,
       e.show_id,
       sws.name AS show_name,
       CASE
         WHEN sws.slug_collision_count > $13
           THEN COALESCE(NULLIF(sws.slug, $14), sws.computed_slug) || $15 || lower(left(sws.id::text, $16))
         ELSE COALESCE(NULLIF(sws.slug, $17), sws.computed_slug)
       END AS show_slug
     FROM core.episodes AS e
     JOIN shows_with_slug AS sws ON sws.id = e.show_id
     WHERE
       COALESCE(e.title, $18) ILIKE $1
       OR CONCAT($19, COALESCE(e.episode_number::text, $20)) ILIKE $1
       OR CONCAT($21, COALESCE(e.season_number::text, $22), $23, COALESCE(e.episode_number::text, $24)) ILIKE $1
     ORDER BY
       CASE WHEN COALESCE(e.title, $25) ILIKE $2 THEN $26 ELSE $27 END,
       e.air_date DESC NULLS LAST,
       e.updated_at DESC NULLS LAST,
       e.id ASC
     LIMIT $3 OFFSET $4",1811251230499584819,51,26395.950784
76,core_admin,299.629679973684,"WITH shows_with_slug AS (
          SELECT
            s.id,
            s.name,
            s.slug,
            COALESCE(s.alternative_names, ARRAY[]::text[]) AS alternative_names,
            s.imdb_id,
            s.tmdb_id,
            s.tvdb_id,
            s.tvrage_id,
            s.wikidata_id,
            COALESCE(s.external_ids, $1::jsonb) AS external_ids,
            s.show_total_seasons,
            s.show_total_episodes,
            s.description,
            s.premiere_date,
            COALESCE(s.genres, ARRAY[]::text[]) AS genres,
            COALESCE(s.networks, ARRAY[]::text[]) AS networks,
            COALESCE(s.streaming_providers, ARRAY[]::text[]) AS streaming_providers,
            COALESCE(watch.provider_names, ARRAY[]::text[]) AS watch_providers,
            watch.justwatch_url,
            COALESCE(s.tags, ARRAY[]::text[]) AS tags,
            s.primary_poster_image_id,
            s.primary_backdrop_image_id,
            s.primary_logo_image_id,
            s.tmdb_status,
            s.tmdb_vote_average,
            s.imdb_rating_value,
            s.created_at,
            s.updated_at,
            
lower(
  trim(
    both $2 FROM regexp_replace(
      regexp_replace(COALESCE(s.name, $3), $4, $5, $6),
      $7,
      $8,
      $9
    )
  )
)
 AS computed_slug,
            COUNT(*) OVER (PARTITION BY 
lower(
  trim(
    both '-' FROM regexp_replace(
      regexp_replace(COALESCE(s.name, ''), '&', ' and ', 'gi'),
      '[^a-z0-9]+',
      '-',
      'gi'
    )
  )
)
) AS slug_collision_count
          FROM core.shows AS s
          LEFT JOIN LATERAL (
            SELECT
              COALESCE(
                ARRAY_AGG(DISTINCT btrim(wp.provider_name) ORDER BY btrim(wp.provider_name))
                  FILTER (WHERE btrim(COALESCE(wp.provider_name, $10)) <> $11),
                ARRAY[]::text[]
              ) AS provider_names,
              MIN(NULLIF(btrim(swp.link), $12)) AS justwatch_url
              ,
              COALESCE(
                (
                  SELECT jsonb_agg(
                    jsonb_build_object(
                      $13,
                      grouped.region,
                      $14,
                      grouped.stream,
                      $15,
                      grouped.buy
                    )
                    ORDER BY grouped.sort_order
                  )
                  FROM (
                    SELECT
                      swp_group.region,
                      CASE swp_group.region
                        WHEN $16 THEN $17
                        WHEN $18 THEN $19
                        WHEN $20 THEN $21
                        WHEN $22 THEN $23
                        ELSE $24
                      END AS sort_order,
                      COALESCE(
                        ARRAY_AGG(DISTINCT btrim(wp_group.provider_name) ORDER BY btrim(wp_group.provider_name))
                          FILTER (
                            WHERE swp_group.offer_type IN ($25, $26)
                              AND btrim(COALESCE(wp_group.provider_name, $27)) <> $28
                          ),
                        ARRAY[]::text[]
                      ) AS stream,
                      COALESCE(
                        ARRAY_AGG(DISTINCT btrim(wp_group.provider_name) ORDER BY btrim(wp_group.provider_name))
                          FILTER (
                            WHERE swp_group.offer_type IN ($29, $30)
                              AND btrim(COALESCE(wp_group.provider_name, $31)) <> $32
                          ),
                        ARRAY[]::text[]
                      ) AS buy
                    FROM core.show_watch_providers AS swp_group
                    JOIN core.watch_providers AS wp_group ON wp_group.provider_id = swp_group.provider_id
                    WHERE swp_group.show_id = s.id
                      AND swp_group.region IN ($33, $34, $35, $36)
                    GROUP BY swp_group.region
                  ) AS grouped
                ),
                $37::jsonb
              ) AS overview_watch_availability
            FROM core.show_watch_providers AS swp
            JOIN core.watch_providers AS wp ON wp.provider_id = swp.provider_id
            WHERE swp.show_id = s.id
          ) AS watch ON $38
        )
        SELECT
          s.*,
          CASE
            WHEN s.slug_collision_count > $39
              THEN COALESCE(NULLIF(s.slug, $40), s.computed_slug) || $41 || lower(left(s.id::text, $42))
            ELSE COALESCE(NULLIF(s.slug, $43), s.computed_slug)
          END AS canonical_slug,
          poster.hosted_url AS poster_url,
          backdrop.hosted_url AS backdrop_url,
          logo.hosted_url AS logo_url
        FROM shows_with_slug AS s
        LEFT JOIN core.show_images AS poster ON poster.id = s.primary_poster_image_id
        LEFT JOIN core.show_images AS backdrop ON backdrop.id = s.primary_backdrop_image_id
        LEFT JOIN core.show_images AS logo ON logo.id = s.primary_logo_image_id
        WHERE s.id = $44::uuid
        LIMIT $45",-4636625623407078907,76,22771.855678
13,core_admin,1063.67757315385,"WITH shows_with_slug AS (
       SELECT
         s.id,
         s.slug,
         
  lower(
    trim(
      both $2 FROM regexp_replace(
        regexp_replace(COALESCE(s.name, $3), $4, $5, $6),
        $7,
        $8,
        $9
      )
    )
  )
 AS computed_slug,
         COUNT(*) OVER (PARTITION BY 
  lower(
    trim(
      both '-' FROM regexp_replace(
        regexp_replace(COALESCE(s.name, ''), '&', ' and ', 'gi'),
        '[^a-z0-9]+',
        '-',
        'gi'
      )
    )
  )
) AS slug_collision_count
       FROM core.shows AS s
     ),
     news_mentions AS (
       SELECT
         ssl.source_id,
         COALESCE(
           NULLIF(news_item->>$10, $11)::timestamptz,
           ssl.updated_at
         ) AS published_at,
         NULLIF(trim(tag->>$12), $13) AS person_id_token,
         NULLIF(trim(tag->>$14), $15) AS person_name_token
       FROM core.show_source_latest AS ssl
       CROSS JOIN LATERAL jsonb_array_elements(
         CASE
           WHEN jsonb_typeof(ssl.payload->$16->$17) = $18
             THEN ssl.payload->$19->$20
           ELSE $21::jsonb
         END
       ) AS news_item
       CROSS JOIN LATERAL jsonb_array_elements(
         CASE
           WHEN jsonb_typeof(news_item->$22) = $23
             THEN news_item->$24
           ELSE $25::jsonb
         END
       ) AS tag
       WHERE
         ssl.source_id IN ($26, $27)
         AND COALESCE(ssl.variant, $28) = $29
     ),
     resolved_mentions AS (
       SELECT
         COALESCE(p_by_id.id, p_by_name.id) AS person_id,
         mentions.source_id,
         mentions.published_at
       FROM news_mentions AS mentions
       LEFT JOIN core.people AS p_by_id
         ON p_by_id.id::text = mentions.person_id_token
       LEFT JOIN core.people AS p_by_name
         ON p_by_id.id IS NULL
         AND mentions.person_name_token IS NOT NULL
         AND lower(p_by_name.full_name) = lower(mentions.person_name_token)
       WHERE COALESCE(p_by_id.id, p_by_name.id) IS NOT NULL
         AND mentions.published_at >= (now() - interval $30)
     ),
     person_metrics AS (
       SELECT
         rm.person_id,
         SUM(
           CASE
             WHEN rm.published_at >= (now() - interval $31) THEN $32
             WHEN rm.published_at >= (now() - interval $33) THEN $34
             WHEN rm.published_at >= (now() - interval $35) THEN $36
             ELSE $37
           END
         )::int AS mention_points,
         LEAST($38, (COUNT(DISTINCT rm.source_id)::int * $39))::int AS source_bonus,
         MAX(rm.published_at) AS latest_at
       FROM resolved_mentions AS rm
       GROUP BY rm.person_id
     ),
     person_metrics_scored AS (
       SELECT
         pm.person_id,
         (pm.mention_points + pm.source_bonus)::int AS metric_value,
         pm.latest_at
       FROM person_metrics AS pm
     )
     SELECT
       person_metrics.person_id,
       p.full_name,
       p.known_for,
       COALESCE(photo.thumb_url, photo.display_url, photo.hosted_url, photo.url) AS photo_url,
       person_metrics.metric_value,
       show_context.canonical_slug AS show_context,
       person_metrics.latest_at
     FROM person_metrics_scored AS person_metrics
     JOIN core.people AS p ON p.id = person_metrics.person_id
     
  LEFT JOIN LATERAL (
    SELECT
      cp.thumb_url,
      cp.display_url,
      cp.hosted_url,
      cp.url
    FROM core.v_cast_photos AS cp
    WHERE cp.person_id = person_metrics.person_id
    ORDER BY
      CASE
        WHEN lower(COALESCE(cp.context_section, $40)) = $41 THEN $42
        WHEN lower(COALESCE(cp.context_section, $43)) IN ($44, $45) THEN $46
        ELSE $47
      END,
      cp.gallery_index ASC NULLS LAST
    LIMIT $48
  ) AS photo ON $49

     
  LEFT JOIN LATERAL (
    SELECT
      CASE
        WHEN sws.slug_collision_count > $50
          THEN COALESCE(NULLIF(sws.slug, $51), sws.computed_slug) || $52 || lower(left(sws.id::text, $53))
        ELSE COALESCE(NULLIF(sws.slug, $54), sws.computed_slug)
      END AS canonical_slug
    FROM core.v_person_show_seasons AS vpss
    JOIN shows_with_slug AS sws ON sws.id = vpss.show_id
    WHERE vpss.person_id = person_metrics.person_id
    ORDER BY
      COALESCE(vpss.total_episodes, $55) DESC,
      vpss.show_id ASC
    LIMIT $56
  ) AS show_context ON $57

     ORDER BY
       person_metrics.metric_value DESC,
       person_metrics.latest_at DESC NULLS LAST,
       p.full_name ASC
     LIMIT $1",1539320621448163124,148,13827.808451
9,core_admin,1464.74808955556,"WITH shows_with_slug AS (
          SELECT
            s.id,
            s.slug,
            
lower(
  trim(
    both $1 FROM regexp_replace(
      regexp_replace(COALESCE(s.name, $2), $3, $4, $5),
      $6,
      $7,
      $8
    )
  )
)
 AS computed_slug,
            COUNT(*) OVER (PARTITION BY 
lower(
  trim(
    both '-' FROM regexp_replace(
      regexp_replace(COALESCE(s.name, ''), '&', ' and ', 'gi'),
      '[^a-z0-9]+',
      '-',
      'gi'
    )
  )
)
) AS slug_collision_count
          FROM core.shows AS s
        ),
        person_metrics AS (
          SELECT
            vec.person_id,
            MAX(vec.person_name) AS person_name,
            COUNT(DISTINCT vec.episode_id)::int AS metric_value
          FROM core.v_episode_credits AS vec
          WHERE COALESCE(vec.appearance_type, $9) <> $10
          GROUP BY vec.person_id
        )
        SELECT
          person_metrics.person_id::text AS person_id,
          COALESCE(p.full_name, person_metrics.person_name) AS full_name,
          p.known_for,
          COALESCE(photo.thumb_url, photo.display_url, photo.hosted_url, photo.url) AS photo_url,
          person_metrics.metric_value,
          show_context.canonical_slug AS show_context,
          $11::timestamptz AS latest_at
        FROM person_metrics
        LEFT JOIN core.people AS p ON p.id = person_metrics.person_id
        
LEFT JOIN LATERAL (
  SELECT
    cp.thumb_url,
    cp.display_url,
    cp.hosted_url,
    cp.url
  FROM core.v_cast_photos AS cp
  WHERE cp.person_id = person_metrics.person_id
  ORDER BY
    CASE
      WHEN lower(COALESCE(cp.context_section, $12)) = $13 THEN $14
      WHEN lower(COALESCE(cp.context_section, $15)) IN (
        $16,
        $17
      ) THEN $18
      ELSE $19
    END,
    cp.gallery_index ASC NULLS LAST
  LIMIT $20
) AS photo ON $21

        
LEFT JOIN LATERAL (
  SELECT
    CASE
      WHEN sws.slug_collision_count > $22
        THEN COALESCE(NULLIF(sws.slug, $23), sws.computed_slug) || $24 || lower(left(sws.id::text, $25))
      ELSE COALESCE(NULLIF(sws.slug, $26), sws.computed_slug)
    END AS canonical_slug
  FROM core.v_person_show_seasons AS vpss
  JOIN shows_with_slug AS sws ON sws.id = vpss.show_id
  WHERE vpss.person_id = person_metrics.person_id
  ORDER BY
    COALESCE(vpss.total_episodes, $27) DESC,
    vpss.show_id ASC
  LIMIT $28
) AS show_context ON $29

        ORDER BY
          person_metrics.metric_value DESC,
          COALESCE(p.full_name, person_metrics.person_name) ASC NULLS LAST
        LIMIT $30",6979626844140644639,84,13182.732806
8,core_admin,1370.49172225,"WITH shows_with_slug AS (
          SELECT
            s.id,
            s.name,
            s.slug,
            
lower(
  trim(
    both $1 FROM regexp_replace(
      regexp_replace(COALESCE(s.name, $2), $3, $4, $5),
      $6,
      $7,
      $8
    )
  )
)
 AS computed_slug,
            COUNT(*) OVER (PARTITION BY 
lower(
  trim(
    both '-' FROM regexp_replace(
      regexp_replace(COALESCE(s.name, ''), '&', ' and ', 'gi'),
      '[^a-z0-9]+',
      '-',
      'gi'
    )
  )
)
) AS slug_collision_count
          FROM core.shows AS s
        )
        SELECT
          e.id::text AS id,
          e.title,
          e.episode_number,
          e.season_number,
          e.air_date,
          e.show_id::text AS show_id,
          sws.name AS show_name,
          CASE
            WHEN sws.slug_collision_count > $9
              THEN COALESCE(NULLIF(sws.slug, $10), sws.computed_slug) || $11 || lower(left(sws.id::text, $12))
            ELSE COALESCE(NULLIF(sws.slug, $13), sws.computed_slug)
          END AS show_slug
        FROM core.episodes AS e
        JOIN shows_with_slug AS sws ON sws.id = e.show_id
        WHERE
          COALESCE(e.title, $14) ILIKE $15
          OR CONCAT($16, COALESCE(e.episode_number::text, $17)) ILIKE $18
          OR CONCAT($19, COALESCE(e.season_number::text, $20), $21, COALESCE(e.episode_number::text, $22)) ILIKE $23
        ORDER BY
          CASE WHEN COALESCE(e.title, $24) ILIKE $25 THEN $26 ELSE $27 END,
          e.air_date DESC NULLS LAST,
          e.updated_at DESC NULLS LAST,
          e.id ASC
        LIMIT $28 OFFSET $29",-1622272143177893839,34,10963.933778
4,core_admin,2707.185155,"WITH shows_with_slug AS (
       SELECT
         s.id,
         s.name,
         
  lower(
    trim(
      both $5 FROM regexp_replace(
        regexp_replace(COALESCE(s.name, $6), $7, $8, $9),
        $10,
        $11,
        $12
      )
    )
  )
 AS slug,
         COUNT(*) OVER (PARTITION BY 
  lower(
    trim(
      both '-' FROM regexp_replace(
        regexp_replace(COALESCE(s.name, ''), '&', ' and ', 'gi'),
        '[^a-z0-9]+',
        '-',
        'gi'
      )
    )
  )
) AS slug_collision_count
       FROM core.shows AS s
     )
     SELECT
       e.id,
       e.title,
       e.episode_number,
       e.season_number,
       e.air_date,
       e.show_id,
       sws.name AS show_name,
       CASE
         WHEN sws.slug_collision_count > $13
           THEN sws.slug || $14 || lower(left(sws.id::text, $15))
         ELSE sws.slug
       END AS show_slug
     FROM core.episodes AS e
     JOIN shows_with_slug AS sws ON sws.id = e.show_id
     WHERE
       COALESCE(e.title, $16) ILIKE $1
       OR CONCAT($17, COALESCE(e.episode_number::text, $18)) ILIKE $1
       OR CONCAT($19, COALESCE(e.season_number::text, $20), $21, COALESCE(e.episode_number::text, $22)) ILIKE $1
     ORDER BY
       CASE WHEN COALESCE(e.title, $23) ILIKE $2 THEN $24 ELSE $25 END,
       e.air_date DESC NULLS LAST,
       e.updated_at DESC NULLS LAST,
       e.id ASC
     LIMIT $3 OFFSET $4",638492428599903708,11,10828.74062
3178,core_admin,3.37814886972938,"SELECT
       s.id::text AS id,
       s.name,
       lower(
         trim(
           both $2 FROM regexp_replace(
             regexp_replace(COALESCE(s.name, $3), $4, $5, $6),
             $7,
             $8,
             $9
           )
         )
       ) AS slug
     FROM core.shows AS s
     WHERE lower(
       trim(
         both $10 FROM regexp_replace(
           regexp_replace(COALESCE(s.name, $11), $12, $13, $14),
           $15,
           $16,
           $17
         )
       )
     ) = $1
     ORDER BY s.id ASC",693371474608987378,3322,10735.757108
825,core_admin,9.6878101430303,"SELECT
         s.id::text AS id,
         s.name,
         lower(
           trim(
             both $2 FROM regexp_replace(
               regexp_replace(COALESCE(s.name, $3), $4, $5, $6),
               $7,
               $8,
               $9
             )
           )
         ) AS slug
       FROM core.shows AS s
       WHERE (
         lower(
           trim(
             both $10 FROM regexp_replace(
               regexp_replace(COALESCE(s.name, $11), $12, $13, $14),
               $15,
               $16,
               $17
             )
           )
         ) = $1
         OR EXISTS (
           SELECT $18
           FROM unnest(COALESCE(s.alternative_names, ARRAY[]::text[])) AS alt(name)
           WHERE lower(
             trim(
               both $19 FROM regexp_replace(
                 regexp_replace(COALESCE(alt.name, $20), $21, $22, $23),
                 $24,
                 $25,
                 $26
               )
             )
           ) = $1
         )
       )
       ORDER BY s.id ASC",-3982282494729720341,823,7992.443368
1912,core_admin,3.9471236375523,"SELECT DISTINCT ON (imdb_title_id)
       show_id,
       show_name,
       imdb_title_id
     FROM (
       SELECT
         s.id AS show_id,
         s.name AS show_name,
         LOWER(s.imdb_id) AS imdb_title_id
       FROM core.shows AS s
       WHERE s.imdb_id = ANY($1::text[])

       UNION ALL

       SELECT
         s.id AS show_id,
         s.name AS show_name,
         LOWER(sei.external_id) AS imdb_title_id
       FROM core.show_external_ids AS sei
       JOIN core.shows AS s
         ON s.id = sei.show_id
       WHERE sei.source_id = $2
         AND LOWER(sei.external_id) = ANY($1::text[])
     ) AS mapped
     ORDER BY imdb_title_id, show_id",6388450258775364697,9449,7546.90039499999
11,core_admin,628.117015272727,"WITH shows_with_slug AS (
          SELECT
            s.id,
            s.slug,
            
lower(
  trim(
    both $1 FROM regexp_replace(
      regexp_replace(COALESCE(s.name, $2), $3, $4, $5),
      $6,
      $7,
      $8
    )
  )
)
 AS computed_slug,
            COUNT(*) OVER (PARTITION BY 
lower(
  trim(
    both '-' FROM regexp_replace(
      regexp_replace(COALESCE(s.name, ''), '&', ' and ', 'gi'),
      '[^a-z0-9]+',
      '-',
      'gi'
    )
  )
)
) AS slug_collision_count
          FROM core.shows AS s
        ),
        person_metrics AS (
          SELECT
            vec.person_id,
            MAX(vec.person_name) AS person_name,
            COUNT(DISTINCT vec.episode_id)::int AS metric_value
          FROM core.v_episode_credits AS vec
          WHERE COALESCE(vec.appearance_type, $9) <> $10
          GROUP BY vec.person_id
        ),
        ranked_people AS (
          SELECT
            person_metrics.person_id,
            person_metrics.person_name,
            person_metrics.metric_value
          FROM person_metrics
          ORDER BY
            person_metrics.metric_value DESC,
            person_metrics.person_name ASC NULLS LAST
          LIMIT $11
        )
        SELECT
          person_metrics.person_id::text AS person_id,
          COALESCE(p.full_name, person_metrics.person_name) AS full_name,
          p.known_for,
          COALESCE(photo.thumb_url, photo.display_url, photo.hosted_url, photo.url) AS photo_url,
          person_metrics.metric_value,
          show_context.canonical_slug AS show_context,
          $12::timestamptz AS latest_at
        FROM ranked_people AS person_metrics
        LEFT JOIN core.people AS p ON p.id = person_metrics.person_id
        
LEFT JOIN LATERAL (
  SELECT
    cp.thumb_url,
    cp.display_url,
    cp.hosted_url,
    cp.url
  FROM core.v_cast_photos AS cp
  WHERE cp.person_id = person_metrics.person_id
  ORDER BY
    CASE
      WHEN lower(COALESCE(cp.context_section, $13)) = $14 THEN $15
      WHEN lower(COALESCE(cp.context_section, $16)) IN (
        $17,
        $18
      ) THEN $19
      ELSE $20
    END,
    cp.gallery_index ASC NULLS LAST
  LIMIT $21
) AS photo ON $22

        
LEFT JOIN LATERAL (
  SELECT
    CASE
      WHEN sws.slug_collision_count > $23
        THEN COALESCE(NULLIF(sws.slug, $24), sws.computed_slug) || $25 || lower(left(sws.id::text, $26))
      ELSE COALESCE(NULLIF(sws.slug, $27), sws.computed_slug)
    END AS canonical_slug
  FROM core.v_person_show_seasons AS vpss
  JOIN shows_with_slug AS sws ON sws.id = vpss.show_id
  WHERE vpss.person_id = person_metrics.person_id
  ORDER BY
    COALESCE(vpss.total_episodes, $28) DESC,
    vpss.show_id ASC
  LIMIT $29
) AS show_context ON $30

        ORDER BY
          person_metrics.metric_value DESC,
          COALESCE(p.full_name, person_metrics.person_name) ASC NULLS LAST
        LIMIT $31",4660763958559854128,105,6909.287168
730,core_admin,8.59196099589042,"WITH shows_with_slug AS (
       SELECT
         s.*,
         
  lower(
    trim(
      both $1 FROM regexp_replace(
        regexp_replace(COALESCE(s.name, $2), $3, $4, $5),
        $6,
        $7,
        $8
      )
    )
  )
 AS slug,
         COUNT(*) OVER (PARTITION BY 
  lower(
    trim(
      both '-' FROM regexp_replace(
        regexp_replace(COALESCE(s.name, ''), '&', ' and ', 'gi'),
        '[^a-z0-9]+',
        '-',
        'gi'
      )
    )
  )
) AS slug_collision_count
       FROM core.shows AS s
     )
     SELECT
       cs.*,
       CASE
         WHEN s.slug_collision_count > $9
           THEN s.slug || $10 || lower(left(s.id::text, $11))
         ELSE s.slug
       END AS canonical_slug,
       s.alternative_names,
       s.show_total_episodes,
       si.hosted_url AS poster_url
     FROM admin.covered_shows cs
     LEFT JOIN shows_with_slug s ON s.id::text = cs.trr_show_id::text
     LEFT JOIN core.show_images si ON si.id = s.primary_poster_image_id
     ORDER BY cs.show_name ASC",-7439146977948180811,8030,6272.13152700001
1517,core_admin,2.78289033421226,"SELECT
       s.*,
       poster.hosted_url AS poster_url,
       backdrop.hosted_url AS backdrop_url,
       logo.hosted_url AS logo_url
     FROM core.shows AS s
     LEFT JOIN core.show_images AS poster ON poster.id = s.primary_poster_image_id
     LEFT JOIN core.show_images AS backdrop ON backdrop.id = s.primary_backdrop_image_id
     LEFT JOIN core.show_images AS logo ON logo.id = s.primary_logo_image_id
     WHERE s.id = $1::uuid
     LIMIT $2",-2796331956718989862,1517,4221.644637
8,core_admin,397.47933475,"WITH shows_with_slug AS (
          SELECT
            s.id,
            s.name,
            s.slug,
            COALESCE(s.alternative_names, ARRAY[]::text[]) AS alternative_names,
            s.imdb_id,
            s.tmdb_id,
            s.tvdb_id,
            s.tvrage_id,
            s.wikidata_id,
            COALESCE(s.external_ids, $1::jsonb) AS external_ids,
            s.show_total_seasons,
            s.show_total_episodes,
            s.description,
            s.premiere_date,
            COALESCE(s.genres, ARRAY[]::text[]) AS genres,
            COALESCE(s.networks, ARRAY[]::text[]) AS networks,
            COALESCE(s.streaming_providers, ARRAY[]::text[]) AS streaming_providers,
            COALESCE(watch.provider_names, ARRAY[]::text[]) AS watch_providers,
            watch.justwatch_url,
            COALESCE(s.tags, ARRAY[]::text[]) AS tags,
            s.primary_poster_image_id,
            s.primary_backdrop_image_id,
            s.primary_logo_image_id,
            s.tmdb_status,
            s.tmdb_vote_average,
            s.imdb_rating_value,
            s.created_at,
            s.updated_at,
            
lower(
  trim(
    both $2 FROM regexp_replace(
      regexp_replace(COALESCE(s.name, $3), $4, $5, $6),
      $7,
      $8,
      $9
    )
  )
)
 AS computed_slug,
            COUNT(*) OVER (PARTITION BY 
lower(
  trim(
    both '-' FROM regexp_replace(
      regexp_replace(COALESCE(s.name, ''), '&', ' and ', 'gi'),
      '[^a-z0-9]+',
      '-',
      'gi'
    )
  )
)
) AS slug_collision_count
          FROM core.shows AS s
          LEFT JOIN LATERAL (
            SELECT
              COALESCE(
                ARRAY_AGG(DISTINCT btrim(wp.provider_name) ORDER BY btrim(wp.provider_name))
                  FILTER (WHERE btrim(COALESCE(wp.provider_name, $10)) <> $11),
                ARRAY[]::text[]
              ) AS provider_names,
              MIN(NULLIF(btrim(swp.link), $12)) AS justwatch_url
              ,
              COALESCE(
                (
                  SELECT jsonb_agg(
                    jsonb_build_object(
                      $13,
                      grouped.region,
                      $14,
                      grouped.stream,
                      $15,
                      grouped.buy
                    )
                    ORDER BY grouped.sort_order
                  )
                  FROM (
                    SELECT
                      swp_group.region,
                      CASE swp_group.region
                        WHEN $16 THEN $17
                        WHEN $18 THEN $19
                        WHEN $20 THEN $21
                        WHEN $22 THEN $23
                        ELSE $24
                      END AS sort_order,
                      COALESCE(
                        ARRAY_AGG(DISTINCT btrim(wp_group.provider_name) ORDER BY btrim(wp_group.provider_name))
                          FILTER (
                            WHERE swp_group.offer_type IN ($25, $26)
                              AND btrim(COALESCE(wp_group.provider_name, $27)) <> $28
                          ),
                        ARRAY[]::text[]
                      ) AS stream,
                      COALESCE(
                        ARRAY_AGG(DISTINCT btrim(wp_group.provider_name) ORDER BY btrim(wp_group.provider_name))
                          FILTER (
                            WHERE swp_group.offer_type IN ($29, $30)
                              AND btrim(COALESCE(wp_group.provider_name, $31)) <> $32
                          ),
                        ARRAY[]::text[]
                      ) AS buy
                    FROM core.show_watch_providers AS swp_group
                    JOIN core.watch_providers AS wp_group ON wp_group.provider_id = swp_group.provider_id
                    WHERE swp_group.show_id = s.id
                      AND swp_group.region IN ($33, $34, $35, $36)
                    GROUP BY swp_group.region
                  ) AS grouped
                ),
                $37::jsonb
              ) AS overview_watch_availability,
              COALESCE(
                (
                  SELECT jsonb_agg(
                    jsonb_build_object(
                      $38,
                      grouped.region,
                      $39,
                      grouped.stream,
                      $40,
                      grouped.free,
                      $41,
                      grouped.buy_rent
                    )
                    ORDER BY grouped.sort_order, grouped.region
                  )
                  FROM (
                    SELECT
                      upper(btrim(swp_group.region)) AS region,
                      CASE upper(btrim(swp_group.region))
                        WHEN $42 THEN $43
                        WHEN $44 THEN $45
                        WHEN $46 THEN $47
                        WHEN $48 THEN $49
                        ELSE $50
                      END AS sort_order,
                      COALESCE(
                        ARRAY_AGG(DISTINCT btrim(wp_group.provider_name) ORDER BY btrim(wp_group.provider_name))
                          FILTER (
                            WHERE swp_group.offer_type IN ($51, $52)
                              AND btrim(COALESCE(wp_group.provider_name, $53)) <> $54
                          ),
                        ARRAY[]::text[]
                      ) AS stream,
                      COALESCE(
                        ARRAY_AGG(DISTINCT btrim(wp_group.provider_name) ORDER BY btrim(wp_group.provider_name))
                          FILTER (
                            WHERE swp_group.offer_type = $55
                              AND btrim(COALESCE(wp_group.provider_name, $56)) <> $57
                          ),
                        ARRAY[]::text[]
                      ) AS free,
                      COALESCE(
                        ARRAY_AGG(DISTINCT btrim(wp_group.provider_name) ORDER BY btrim(wp_group.provider_name))
                          FILTER (
                            WHERE swp_group.offer_type IN ($58, $59)
                              AND btrim(COALESCE(wp_group.provider_name, $60)) <> $61
                          ),
                        ARRAY[]::text[]
                      ) AS buy_rent
                    FROM core.show_watch_providers AS swp_group
                    JOIN core.watch_providers AS wp_group ON wp_group.provider_id = swp_group.provider_id
                    WHERE swp_group.show_id = s.id
                      AND btrim(COALESCE(swp_group.region, $62)) <> $63
                    GROUP BY upper(btrim(swp_group.region))
                  ) AS grouped
                ),
                $64::jsonb
              ) AS watch_provider_regions
            FROM core.show_watch_providers AS swp
            JOIN core.watch_providers AS wp ON wp.provider_id = swp.provider_id
            WHERE swp.show_id = s.id
          ) AS watch ON $65
        )
        SELECT
          s.*,
          CASE
            WHEN s.slug_collision_count > $66
              THEN COALESCE(NULLIF(s.slug, $67), s.computed_slug) || $68 || lower(left(s.id::text, $69))
            ELSE COALESCE(NULLIF(s.slug, $70), s.computed_slug)
          END AS canonical_slug,
          poster.hosted_url AS poster_url,
          backdrop.hosted_url AS backdrop_url,
          logo.hosted_url AS logo_url
        FROM shows_with_slug AS s
        LEFT JOIN core.show_images AS poster ON poster.id = s.primary_poster_image_id
        LEFT JOIN core.show_images AS backdrop ON backdrop.id = s.primary_backdrop_image_id
        LEFT JOIN core.show_images AS logo ON logo.id = s.primary_logo_image_id
        WHERE s.id = $71::uuid
        LIMIT $72",-2882891826357854052,8,3179.834678
82,core_admin,31.3508361219512,"WITH shows_with_slug AS (
              SELECT
                s.id::text AS id,
                s.name,
                COALESCE(s.alternative_names, ARRAY[]::text[]) AS alternative_names,
                
lower(
  trim(
    both $1 FROM regexp_replace(
      regexp_replace(COALESCE(s.name, $2), $3, $4, $5),
      $6,
      $7,
      $8
    )
  )
)
 AS computed_slug,
                COALESCE(
                  NULLIF(
                    lower(
                      trim(
                        both $9 FROM regexp_replace(
                          regexp_replace(COALESCE(s.slug, $10), $11, $12, $13),
                          $14,
                          $15,
                          $16
                        )
                      )
                    ),
                    $17
                  ),
                  
lower(
  trim(
    both $18 FROM regexp_replace(
      regexp_replace(COALESCE(s.name, $19), $20, $21, $22),
      $23,
      $24,
      $25
    )
  )
)

                ) AS effective_slug
              FROM core.shows AS s
            )
            SELECT
              s.id,
              s.name,
              s.alternative_names,
              s.effective_slug AS slug,
              CASE
                WHEN COUNT(*) OVER (PARTITION BY s.effective_slug) > $26
                  THEN s.effective_slug || $27 || lower(left(s.id, $28))
                ELSE s.effective_slug
              END AS canonical_slug
            FROM shows_with_slug AS s
            WHERE (
              s.effective_slug = $29
              OR s.computed_slug = $30
              OR EXISTS (
                SELECT $31
                FROM unnest(s.alternative_names) AS alt(name)
                WHERE lower(
                  trim(
                    both $32 FROM regexp_replace(
                      regexp_replace(COALESCE(alt.name, $33), $34, $35, $36),
                      $37,
                      $38,
                      $39
                    )
                  )
                ) = $40
              )
            )
            ORDER BY s.id ASC",-2162852769827606552,77,2570.768562
11,core_admin,209.238546545455,"WITH shows_with_slug AS (
          SELECT
            s.id,
            s.slug,
            
lower(
  trim(
    both $1 FROM regexp_replace(
      regexp_replace(COALESCE(s.name, $2), $3, $4, $5),
      $6,
      $7,
      $8
    )
  )
)
 AS computed_slug,
            COUNT(*) OVER (PARTITION BY 
lower(
  trim(
    both '-' FROM regexp_replace(
      regexp_replace(COALESCE(s.name, ''), '&', ' and ', 'gi'),
      '[^a-z0-9]+',
      '-',
      'gi'
    )
  )
)
) AS slug_collision_count
          FROM core.shows AS s
        ),
        person_metrics AS (
          SELECT
            vpss.person_id,
            MAX(vpss.person_name) AS person_name,
            COUNT(DISTINCT vpss.show_id)::int AS metric_value
          FROM core.v_person_show_seasons AS vpss
          GROUP BY vpss.person_id
        ),
        ranked_people AS (
          SELECT
            person_metrics.person_id,
            person_metrics.person_name,
            person_metrics.metric_value
          FROM person_metrics
          ORDER BY
            person_metrics.metric_value DESC,
            person_metrics.person_name ASC NULLS LAST
          LIMIT $9
        )
        SELECT
          person_metrics.person_id::text AS person_id,
          COALESCE(p.full_name, person_metrics.person_name) AS full_name,
          p.known_for,
          COALESCE(photo.thumb_url, photo.display_url, photo.hosted_url, photo.url) AS photo_url,
          person_metrics.metric_value,
          show_context.canonical_slug AS show_context,
          $10::timestamptz AS latest_at
        FROM ranked_people AS person_metrics
        LEFT JOIN core.people AS p ON p.id = person_metrics.person_id
        
LEFT JOIN LATERAL (
  SELECT
    cp.thumb_url,
    cp.display_url,
    cp.hosted_url,
    cp.url
  FROM core.v_cast_photos AS cp
  WHERE cp.person_id = person_metrics.person_id
  ORDER BY
    CASE
      WHEN lower(COALESCE(cp.context_section, $11)) = $12 THEN $13
      WHEN lower(COALESCE(cp.context_section, $14)) IN (
        $15,
        $16
      ) THEN $17
      ELSE $18
    END,
    cp.gallery_index ASC NULLS LAST
  LIMIT $19
) AS photo ON $20

        
LEFT JOIN LATERAL (
  SELECT
    CASE
      WHEN sws.slug_collision_count > $21
        THEN COALESCE(NULLIF(sws.slug, $22), sws.computed_slug) || $23 || lower(left(sws.id::text, $24))
      ELSE COALESCE(NULLIF(sws.slug, $25), sws.computed_slug)
    END AS canonical_slug
  FROM core.v_person_show_seasons AS vpss
  JOIN shows_with_slug AS sws ON sws.id = vpss.show_id
  WHERE vpss.person_id = person_metrics.person_id
  ORDER BY
    COALESCE(vpss.total_episodes, $26) DESC,
    vpss.show_id ASC
  LIMIT $27
) AS show_context ON $28

        ORDER BY
          person_metrics.metric_value DESC,
          COALESCE(p.full_name, person_metrics.person_name) ASC NULLS LAST
        LIMIT $29",3531035818213358485,105,2301.624012
335,core_admin,6.45971940895522,"WITH shows_with_slug AS (
       SELECT
         s.*,
         
  lower(
    trim(
      both $1 FROM regexp_replace(
        regexp_replace(COALESCE(s.name, $2), $3, $4, $5),
        $6,
        $7,
        $8
      )
    )
  )
 AS slug,
         COUNT(*) OVER (PARTITION BY 
  lower(
    trim(
      both '-' FROM regexp_replace(
        regexp_replace(COALESCE(s.name, ''), '&', ' and ', 'gi'),
        '[^a-z0-9]+',
        '-',
        'gi'
      )
    )
  )
) AS slug_collision_count
       FROM core.shows AS s
     )
     SELECT
       cs.*,
       CASE
         WHEN s.slug_collision_count > $9
           THEN s.slug || $10 || lower(left(s.id::text, $11))
         ELSE s.slug
       END AS canonical_slug,
       s.show_total_episodes,
       si.hosted_url AS poster_url
     FROM admin.covered_shows cs
     LEFT JOIN shows_with_slug s ON s.id::text = cs.trr_show_id::text
     LEFT JOIN core.show_images si ON si.id = s.primary_poster_image_id
     ORDER BY cs.show_name ASC",-8641178223008914089,3685,2164.006002
3,core_admin,712.056152666667,"WITH shows_with_slug AS (
                      SELECT
                        s.id,
                        s.name,
                        s.slug,
                        
lower(
  trim(
    both $1 FROM regexp_replace(
      regexp_replace(COALESCE(s.name, $2), $3, $4, $5),
      $6,
      $7,
      $8
    )
  )
)
 AS computed_slug,
                        COUNT(*) OVER (PARTITION BY 
lower(
  trim(
    both '-' FROM regexp_replace(
      regexp_replace(COALESCE(s.name, ''), '&', ' and ', 'gi'),
      '[^a-z0-9]+',
      '-',
      'gi'
    )
  )
)
) AS slug_collision_count
                      FROM core.shows AS s
                    )
                    SELECT
                      e.id::text AS id,
                      e.title,
                      e.episode_number,
                      e.season_number,
                      e.air_date,
                      e.show_id::text AS show_id,
                      sws.name AS show_name,
                      CASE
                        WHEN sws.slug_collision_count > $9
                          THEN COALESCE(NULLIF(sws.slug, $10), sws.computed_slug) || $11 || lower(left(sws.id::text, $12))
                        ELSE COALESCE(NULLIF(sws.slug, $13), sws.computed_slug)
                      END AS show_slug
                    FROM core.episodes AS e
                    JOIN shows_with_slug AS sws ON sws.id = e.show_id
                    WHERE
                      COALESCE(e.title, $14) ILIKE $15
                      OR CONCAT($16, COALESCE(e.episode_number::text, $17)) ILIKE $18
                      OR CONCAT($19, COALESCE(e.season_number::text, $20), $21, COALESCE(e.episode_number::text, $22)) ILIKE $23
                    ORDER BY
                      CASE WHEN COALESCE(e.title, $24) ILIKE $25 THEN $26 ELSE $27 END,
                      e.air_date DESC NULLS LAST,
                      e.id ASC
                    LIMIT $28 OFFSET $29",-7753725032185875771,0,2136.168458
167,core_admin,12.7317210538922,"WITH shows_with_slug AS (
          SELECT
            s.id,
            s.name,
            s.slug,
            COALESCE(s.alternative_names, ARRAY[]::text[]) AS alternative_names,
            s.imdb_id,
            s.tmdb_id,
            s.tvdb_id,
            s.tvrage_id,
            s.wikidata_id,
            COALESCE(s.external_ids, $1::jsonb) AS external_ids,
            s.show_total_seasons,
            s.show_total_episodes,
            s.description,
            s.premiere_date,
            COALESCE(s.genres, ARRAY[]::text[]) AS genres,
            COALESCE(s.networks, ARRAY[]::text[]) AS networks,
            COALESCE(s.streaming_providers, ARRAY[]::text[]) AS streaming_providers,
            ARRAY[]::text[] AS watch_providers,
            COALESCE(s.tags, ARRAY[]::text[]) AS tags,
            s.primary_poster_image_id,
            s.primary_backdrop_image_id,
            s.primary_logo_image_id,
            s.tmdb_status,
            s.tmdb_vote_average,
            s.imdb_rating_value,
            s.created_at,
            s.updated_at,
            
lower(
  trim(
    both $2 FROM regexp_replace(
      regexp_replace(COALESCE(s.name, $3), $4, $5, $6),
      $7,
      $8,
      $9
    )
  )
)
 AS computed_slug,
            COUNT(*) OVER (PARTITION BY 
lower(
  trim(
    both '-' FROM regexp_replace(
      regexp_replace(COALESCE(s.name, ''), '&', ' and ', 'gi'),
      '[^a-z0-9]+',
      '-',
      'gi'
    )
  )
)
) AS slug_collision_count
          FROM core.shows AS s
        )
        SELECT
          s.*,
          CASE
            WHEN s.slug_collision_count > $10
              THEN COALESCE(NULLIF(s.slug, $11), s.computed_slug) || $12 || lower(left(s.id::text, $13))
            ELSE COALESCE(NULLIF(s.slug, $14), s.computed_slug)
          END AS canonical_slug,
          poster.hosted_url AS poster_url,
          backdrop.hosted_url AS backdrop_url,
          logo.hosted_url AS logo_url
        FROM shows_with_slug AS s
        LEFT JOIN core.show_images AS poster ON poster.id = s.primary_poster_image_id
        LEFT JOIN core.show_images AS backdrop ON backdrop.id = s.primary_backdrop_image_id
        LEFT JOIN core.show_images AS logo ON logo.id = s.primary_logo_image_id
        WHERE s.id = $15::uuid
        LIMIT $16",1979057971274000752,167,2126.197416
17,core_admin,120.676382941176,"WITH shows_with_slug AS (
          SELECT
            s.id,
            s.slug,
            
lower(
  trim(
    both $1 FROM regexp_replace(
      regexp_replace(COALESCE(s.name, $2), $3, $4, $5),
      $6,
      $7,
      $8
    )
  )
)
 AS computed_slug,
            COUNT(*) OVER (PARTITION BY 
lower(
  trim(
    both '-' FROM regexp_replace(
      regexp_replace(COALESCE(s.name, ''), '&', ' and ', 'gi'),
      '[^a-z0-9]+',
      '-',
      'gi'
    )
  )
)
) AS slug_collision_count
          FROM core.shows AS s
        ),
        person_hits AS (
          SELECT
            p.id,
            p.full_name,
            p.known_for
          FROM core.people AS p
          WHERE p.full_name ILIKE $9
          ORDER BY p.full_name ASC
          LIMIT $10 OFFSET $11
        )
        SELECT
          person_hits.id::text AS id,
          person_hits.full_name,
          person_hits.known_for,
          (
            SELECT
              CASE
                WHEN sws.slug_collision_count > $12
                  THEN COALESCE(NULLIF(sws.slug, $13), sws.computed_slug) || $14 || lower(left(sws.id::text, $15))
                ELSE COALESCE(NULLIF(sws.slug, $16), sws.computed_slug)
              END
            FROM core.v_person_show_seasons AS vpss
            JOIN shows_with_slug AS sws ON sws.id = vpss.show_id
            WHERE vpss.person_id = person_hits.id
            ORDER BY
              COALESCE(vpss.total_episodes, $17) DESC,
              vpss.show_id ASC
            LIMIT $18
          ) AS show_context
        FROM person_hits",-4803546672766767118,102,2051.49851
11,core_admin,155.927870454545,"WITH shows_with_slug AS (
       SELECT
         s.id,
         s.slug,
         
  lower(
    trim(
      both $4 FROM regexp_replace(
        regexp_replace(COALESCE(s.name, $5), $6, $7, $8),
        $9,
        $10,
        $11
      )
    )
  )
 AS computed_slug,
         COUNT(*) OVER (PARTITION BY 
  lower(
    trim(
      both '-' FROM regexp_replace(
        regexp_replace(COALESCE(s.name, ''), '&', ' and ', 'gi'),
        '[^a-z0-9]+',
        '-',
        'gi'
      )
    )
  )
) AS slug_collision_count
       FROM core.shows AS s
     ),
     person_hits AS (
       SELECT
         p.id,
         p.full_name,
         p.known_for,
         p.external_ids,
         p.created_at,
         p.updated_at
       FROM core.people AS p
       WHERE p.full_name ILIKE $1
       ORDER BY p.full_name ASC
       LIMIT $2 OFFSET $3
     )
     SELECT
       person_hits.*,
       (
         SELECT
           CASE
             WHEN sws.slug_collision_count > $12
               THEN COALESCE(NULLIF(sws.slug, $13), sws.computed_slug) || $14 || lower(left(sws.id::text, $15))
             ELSE COALESCE(NULLIF(sws.slug, $16), sws.computed_slug)
           END
         FROM core.v_person_show_seasons AS vpss
         JOIN shows_with_slug AS sws ON sws.id = vpss.show_id
         WHERE vpss.person_id = person_hits.id
         ORDER BY
           COALESCE(vpss.total_episodes, $17) DESC,
           vpss.show_id ASC
         LIMIT $18
       ) AS show_context
     FROM person_hits",-1105581913042748138,50,1715.206575
53,core_admin,31.8850460377358,"WITH shows_with_slug AS (
       SELECT
         s.*,
         
  lower(
    trim(
      both $1 FROM regexp_replace(
        regexp_replace(COALESCE(s.name, $2), $3, $4, $5),
        $6,
        $7,
        $8
      )
    )
  )
 AS computed_slug,
         COUNT(*) OVER (PARTITION BY 
  lower(
    trim(
      both '-' FROM regexp_replace(
        regexp_replace(COALESCE(s.name, ''), '&', ' and ', 'gi'),
        '[^a-z0-9]+',
        '-',
        'gi'
      )
    )
  )
) AS slug_collision_count
       FROM core.shows AS s
     )
     SELECT
       cs.*,
       CASE
         WHEN s.slug_collision_count > $9
           THEN COALESCE(NULLIF(s.slug, $10), s.computed_slug) || $11 || lower(left(s.id::text, $12))
         ELSE COALESCE(NULLIF(s.slug, $13), s.computed_slug)
       END AS canonical_slug,
       s.alternative_names,
       s.show_total_episodes,
       si.hosted_url AS poster_url
     FROM admin.covered_shows cs
     LEFT JOIN shows_with_slug s ON s.id::text = cs.trr_show_id::text
     LEFT JOIN core.show_images si ON si.id = s.primary_poster_image_id
     ORDER BY cs.show_name ASC",142862327348602330,583,1689.90744
13,core_admin,125.944397,"WITH shows_with_slug AS (
          SELECT
            s.id,
            s.name,
            s.slug,
            COALESCE(s.alternative_names, ARRAY[]::text[]) AS alternative_names,
            s.imdb_id,
            s.tmdb_id,
            s.tvdb_id,
            s.tvrage_id,
            s.wikidata_id,
            COALESCE(s.external_ids, $1::jsonb) AS external_ids,
            s.show_total_seasons,
            s.show_total_episodes,
            s.description,
            s.premiere_date,
            COALESCE(s.genres, ARRAY[]::text[]) AS genres,
            COALESCE(s.networks, ARRAY[]::text[]) AS networks,
            COALESCE(s.streaming_providers, ARRAY[]::text[]) AS streaming_providers,
            COALESCE(watch.provider_names, ARRAY[]::text[]) AS watch_providers,
            watch.justwatch_url,
            COALESCE(s.tags, ARRAY[]::text[]) AS tags,
            s.primary_poster_image_id,
            s.primary_backdrop_image_id,
            s.primary_logo_image_id,
            s.tmdb_status,
            s.tmdb_vote_average,
            s.imdb_rating_value,
            s.created_at,
            s.updated_at,
            
lower(
  trim(
    both $2 FROM regexp_replace(
      regexp_replace(COALESCE(s.name, $3), $4, $5, $6),
      $7,
      $8,
      $9
    )
  )
)
 AS computed_slug,
            COUNT(*) OVER (PARTITION BY 
lower(
  trim(
    both '-' FROM regexp_replace(
      regexp_replace(COALESCE(s.name, ''), '&', ' and ', 'gi'),
      '[^a-z0-9]+',
      '-',
      'gi'
    )
  )
)
) AS slug_collision_count
          FROM core.shows AS s
          LEFT JOIN LATERAL (
            SELECT
              COALESCE(
                ARRAY_AGG(DISTINCT btrim(wp.provider_name) ORDER BY btrim(wp.provider_name))
                  FILTER (WHERE btrim(COALESCE(wp.provider_name, $10)) <> $11),
                ARRAY[]::text[]
              ) AS provider_names,
              MIN(NULLIF(btrim(swp.link), $12)) AS justwatch_url
            FROM core.show_watch_providers AS swp
            JOIN core.watch_providers AS wp ON wp.provider_id = swp.provider_id
            WHERE swp.show_id = s.id
          ) AS watch ON $13
        )
        SELECT
          s.*,
          CASE
            WHEN s.slug_collision_count > $14
              THEN COALESCE(NULLIF(s.slug, $15), s.computed_slug) || $16 || lower(left(s.id::text, $17))
            ELSE COALESCE(NULLIF(s.slug, $18), s.computed_slug)
          END AS canonical_slug,
          poster.hosted_url AS poster_url,
          backdrop.hosted_url AS backdrop_url,
          logo.hosted_url AS logo_url
        FROM shows_with_slug AS s
        LEFT JOIN core.show_images AS poster ON poster.id = s.primary_poster_image_id
        LEFT JOIN core.show_images AS backdrop ON backdrop.id = s.primary_backdrop_image_id
        LEFT JOIN core.show_images AS logo ON logo.id = s.primary_logo_image_id
        WHERE s.id = $19::uuid
        LIMIT $20",-5343152064788459010,13,1637.277161
11,core_admin,117.079545727273,"WITH shows_with_slug AS (
          SELECT
            s.id,
            s.slug,
            
lower(
  trim(
    both $1 FROM regexp_replace(
      regexp_replace(COALESCE(s.name, $2), $3, $4, $5),
      $6,
      $7,
      $8
    )
  )
)
 AS computed_slug,
            COUNT(*) OVER (PARTITION BY 
lower(
  trim(
    both '-' FROM regexp_replace(
      regexp_replace(COALESCE(s.name, ''), '&', ' and ', 'gi'),
      '[^a-z0-9]+',
      '-',
      'gi'
    )
  )
)
) AS slug_collision_count
          FROM core.shows AS s
        ),
        news_mentions AS (
          SELECT
            ssl.source_id,
            COALESCE(
              NULLIF(news_item->>$9, $10)::timestamptz,
              ssl.updated_at
            ) AS published_at,
            NULLIF(trim(tag->>$11), $12) AS person_id_token,
            NULLIF(trim(tag->>$13), $14) AS person_name_token
          FROM core.show_source_latest AS ssl
          CROSS JOIN LATERAL jsonb_array_elements(
            CASE
              WHEN jsonb_typeof(ssl.payload->$15->$16) = $17
                THEN ssl.payload->$18->$19
              ELSE $20::jsonb
            END
          ) AS news_item
          CROSS JOIN LATERAL jsonb_array_elements(
            CASE
              WHEN jsonb_typeof(news_item->$21) = $22
                THEN news_item->$23
              ELSE $24::jsonb
            END
          ) AS tag
          WHERE
            ssl.source_id IN ($25, $26)
            AND COALESCE(ssl.variant, $27) = $28
        ),
        resolved_mentions AS (
          SELECT
            COALESCE(p_by_id.id, p_by_name.id) AS person_id,
            mentions.source_id,
            mentions.published_at
          FROM news_mentions AS mentions
          LEFT JOIN core.people AS p_by_id
            ON mentions.person_id_token ~* $29
           AND p_by_id.id = mentions.person_id_token::uuid
          LEFT JOIN core.people AS p_by_name
            ON p_by_id.id IS NULL
           AND mentions.person_name_token IS NOT NULL
           AND lower(p_by_name.full_name) = lower(mentions.person_name_token)
          WHERE COALESCE(p_by_id.id, p_by_name.id) IS NOT NULL
        ),
        person_metrics AS (
          SELECT
            resolved_mentions.person_id,
            COUNT(*)::int AS metric_value,
            MAX(resolved_mentions.published_at) AS latest_at
          FROM resolved_mentions
          GROUP BY resolved_mentions.person_id
        ),
        ranked_people AS (
          SELECT
            person_metrics.person_id,
            person_metrics.metric_value,
            person_metrics.latest_at
          FROM person_metrics
          ORDER BY
            person_metrics.metric_value DESC,
            person_metrics.latest_at DESC NULLS LAST,
            person_metrics.person_id ASC
          LIMIT $30
        )
        SELECT
          person_metrics.person_id::text AS person_id,
          p.full_name,
          p.known_for,
          COALESCE(photo.thumb_url, photo.display_url, photo.hosted_url, photo.url) AS photo_url,
          person_metrics.metric_value,
          show_context.canonical_slug AS show_context,
          person_metrics.latest_at
        FROM ranked_people AS person_metrics
        JOIN core.people AS p ON p.id = person_metrics.person_id
        
LEFT JOIN LATERAL (
  SELECT
    cp.thumb_url,
    cp.display_url,
    cp.hosted_url,
    cp.url
  FROM core.v_cast_photos AS cp
  WHERE cp.person_id = person_metrics.person_id
  ORDER BY
    CASE
      WHEN lower(COALESCE(cp.context_section, $31)) = $32 THEN $33
      WHEN lower(COALESCE(cp.context_section, $34)) IN (
        $35,
        $36
      ) THEN $37
      ELSE $38
    END,
    cp.gallery_index ASC NULLS LAST
  LIMIT $39
) AS photo ON $40

        
LEFT JOIN LATERAL (
  SELECT
    CASE
      WHEN sws.slug_collision_count > $41
        THEN COALESCE(NULLIF(sws.slug, $42), sws.computed_slug) || $43 || lower(left(sws.id::text, $44))
      ELSE COALESCE(NULLIF(sws.slug, $45), sws.computed_slug)
    END AS canonical_slug
  FROM core.v_person_show_seasons AS vpss
  JOIN shows_with_slug AS sws ON sws.id = vpss.show_id
  WHERE vpss.person_id = person_metrics.person_id
  ORDER BY
    COALESCE(vpss.total_episodes, $46) DESC,
    vpss.show_id ASC
  LIMIT $47
) AS show_context ON $48

        ORDER BY
          person_metrics.metric_value DESC,
          person_metrics.latest_at DESC NULLS LAST,
          p.full_name ASC
        LIMIT $49",-3204867858900209366,0,1287.875003
4,core_admin,285.59335175,"WITH shows_with_slug AS (
       SELECT
         s.id,
         
  lower(
    trim(
      both $4 FROM regexp_replace(
        regexp_replace(COALESCE(s.name, $5), $6, $7, $8),
        $9,
        $10,
        $11
      )
    )
  )
 AS slug,
         COUNT(*) OVER (PARTITION BY 
  lower(
    trim(
      both '-' FROM regexp_replace(
        regexp_replace(COALESCE(s.name, ''), '&', ' and ', 'gi'),
        '[^a-z0-9]+',
        '-',
        'gi'
      )
    )
  )
) AS slug_collision_count
       FROM core.shows AS s
     ),
     person_hits AS (
       SELECT
         p.id,
         p.full_name,
         p.known_for,
         p.external_ids,
         p.created_at,
         p.updated_at
       FROM core.people AS p
       WHERE p.full_name ILIKE $1
       ORDER BY p.full_name ASC
       LIMIT $2 OFFSET $3
     )
     SELECT
       person_hits.*,
       (
         SELECT
           CASE
             WHEN sws.slug_collision_count > $12
               THEN sws.slug || $13 || lower(left(sws.id::text, $14))
             ELSE sws.slug
           END
         FROM core.v_person_show_seasons AS vpss
         JOIN shows_with_slug AS sws ON sws.id = vpss.show_id
         WHERE vpss.person_id = person_hits.id
         ORDER BY
           COALESCE(vpss.total_episodes, $15) DESC,
           vpss.show_id ASC
         LIMIT $16
       ) AS show_context
     FROM person_hits",4499897198827314218,18,1142.373407
11,core_admin,102.782922090909,"WITH shows_with_slug AS (
          SELECT
            s.id,
            s.slug,
            
lower(
  trim(
    both $1 FROM regexp_replace(
      regexp_replace(COALESCE(s.name, $2), $3, $4, $5),
      $6,
      $7,
      $8
    )
  )
)
 AS computed_slug,
            COUNT(*) OVER (PARTITION BY 
lower(
  trim(
    both '-' FROM regexp_replace(
      regexp_replace(COALESCE(s.name, ''), '&', ' and ', 'gi'),
      '[^a-z0-9]+',
      '-',
      'gi'
    )
  )
)
) AS slug_collision_count
          FROM core.shows AS s
        ),
        person_metrics AS (
          SELECT
            p.id AS person_id,
            p.full_name AS person_name,
            $9::int AS metric_value,
            GREATEST(p.updated_at, p.created_at) AS latest_at
          FROM core.people AS p
        ),
        ranked_people AS (
          SELECT
            person_metrics.person_id,
            person_metrics.person_name,
            person_metrics.metric_value,
            person_metrics.latest_at
          FROM person_metrics
          ORDER BY
            person_metrics.latest_at DESC NULLS LAST,
            person_metrics.person_name ASC
          LIMIT $10
        )
        SELECT
          person_metrics.person_id::text AS person_id,
          p.full_name,
          p.known_for,
          COALESCE(photo.thumb_url, photo.display_url, photo.hosted_url, photo.url) AS photo_url,
          person_metrics.metric_value,
          show_context.canonical_slug AS show_context,
          person_metrics.latest_at
        FROM ranked_people AS person_metrics
        JOIN core.people AS p ON p.id = person_metrics.person_id
        
LEFT JOIN LATERAL (
  SELECT
    cp.thumb_url,
    cp.display_url,
    cp.hosted_url,
    cp.url
  FROM core.v_cast_photos AS cp
  WHERE cp.person_id = person_metrics.person_id
  ORDER BY
    CASE
      WHEN lower(COALESCE(cp.context_section, $11)) = $12 THEN $13
      WHEN lower(COALESCE(cp.context_section, $14)) IN (
        $15,
        $16
      ) THEN $17
      ELSE $18
    END,
    cp.gallery_index ASC NULLS LAST
  LIMIT $19
) AS photo ON $20

        
LEFT JOIN LATERAL (
  SELECT
    CASE
      WHEN sws.slug_collision_count > $21
        THEN COALESCE(NULLIF(sws.slug, $22), sws.computed_slug) || $23 || lower(left(sws.id::text, $24))
      ELSE COALESCE(NULLIF(sws.slug, $25), sws.computed_slug)
    END AS canonical_slug
  FROM core.v_person_show_seasons AS vpss
  JOIN shows_with_slug AS sws ON sws.id = vpss.show_id
  WHERE vpss.person_id = person_metrics.person_id
  ORDER BY
    COALESCE(vpss.total_episodes, $26) DESC,
    vpss.show_id ASC
  LIMIT $27
) AS show_context ON $28

        ORDER BY
          person_metrics.latest_at DESC NULLS LAST,
          p.full_name ASC
        LIMIT $29",2370565374140079228,105,1130.612143
23,core_admin,34.0829143913043,"WITH shows_with_slug AS (
       SELECT
         s.*,
         
  lower(
    trim(
      both $4 FROM regexp_replace(
        regexp_replace(COALESCE(s.name, $5), $6, $7, $8),
        $9,
        $10,
        $11
      )
    )
  )
 AS computed_slug,
         COUNT(*) OVER (PARTITION BY 
  lower(
    trim(
      both '-' FROM regexp_replace(
        regexp_replace(COALESCE(s.name, ''), '&', ' and ', 'gi'),
        '[^a-z0-9]+',
        '-',
        'gi'
      )
    )
  )
) AS slug_collision_count
       FROM core.shows AS s
     )
     SELECT
       s.*,
       CASE
         WHEN s.slug_collision_count > $12
           THEN COALESCE(NULLIF(s.slug, $13), s.computed_slug) || $14 || lower(left(s.id::text, $15))
         ELSE COALESCE(NULLIF(s.slug, $16), s.computed_slug)
       END AS canonical_slug,
       poster.hosted_url AS poster_url,
       backdrop.hosted_url AS backdrop_url,
       logo.hosted_url AS logo_url
     FROM shows_with_slug AS s
     LEFT JOIN core.show_images AS poster ON poster.id = s.primary_poster_image_id
     LEFT JOIN core.show_images AS backdrop ON backdrop.id = s.primary_backdrop_image_id
     LEFT JOIN core.show_images AS logo ON logo.id = s.primary_logo_image_id
     WHERE s.name ILIKE $1
        OR EXISTS (
          SELECT $17
          FROM unnest(COALESCE(s.alternative_names, ARRAY[]::text[])) AS alt(name)
          WHERE alt.name ILIKE $1
        )
     ORDER BY s.name ASC
     LIMIT $2 OFFSET $3",6127307513773870703,79,783.907031
9,core_admin,71.9641537777778,"WITH shows_with_slug AS (
          SELECT
            s.id,
            s.slug,
            
lower(
  trim(
    both $1 FROM regexp_replace(
      regexp_replace(COALESCE(s.name, $2), $3, $4, $5),
      $6,
      $7,
      $8
    )
  )
)
 AS computed_slug,
            COUNT(*) OVER (PARTITION BY 
lower(
  trim(
    both '-' FROM regexp_replace(
      regexp_replace(COALESCE(s.name, ''), '&', ' and ', 'gi'),
      '[^a-z0-9]+',
      '-',
      'gi'
    )
  )
)
) AS slug_collision_count
          FROM core.shows AS s
        ),
        news_mentions AS (
          SELECT
            ssl.source_id,
            COALESCE(
              NULLIF(news_item->>$9, $10)::timestamptz,
              ssl.updated_at
            ) AS published_at,
            NULLIF(trim(tag->>$11), $12) AS person_id_token,
            NULLIF(trim(tag->>$13), $14) AS person_name_token
          FROM core.show_source_latest AS ssl
          CROSS JOIN LATERAL jsonb_array_elements(
            CASE
              WHEN jsonb_typeof(ssl.payload->$15->$16) = $17
                THEN ssl.payload->$18->$19
              ELSE $20::jsonb
            END
          ) AS news_item
          CROSS JOIN LATERAL jsonb_array_elements(
            CASE
              WHEN jsonb_typeof(news_item->$21) = $22
                THEN news_item->$23
              ELSE $24::jsonb
            END
          ) AS tag
          WHERE
            ssl.source_id IN ($25, $26)
            AND COALESCE(ssl.variant, $27) = $28
        ),
        resolved_mentions AS (
          SELECT
            COALESCE(p_by_id.id, p_by_name.id) AS person_id,
            mentions.source_id,
            mentions.published_at
          FROM news_mentions AS mentions
          LEFT JOIN core.people AS p_by_id
            ON mentions.person_id_token ~* $29
           AND p_by_id.id = mentions.person_id_token::uuid
          LEFT JOIN core.people AS p_by_name
            ON p_by_id.id IS NULL
           AND mentions.person_name_token IS NOT NULL
           AND lower(p_by_name.full_name) = lower(mentions.person_name_token)
          WHERE COALESCE(p_by_id.id, p_by_name.id) IS NOT NULL
        ),
        person_metrics AS (
          SELECT
            resolved_mentions.person_id,
            COUNT(*)::int AS metric_value,
            MAX(resolved_mentions.published_at) AS latest_at
          FROM resolved_mentions
          GROUP BY resolved_mentions.person_id
        )
        SELECT
          person_metrics.person_id::text AS person_id,
          p.full_name,
          p.known_for,
          COALESCE(photo.thumb_url, photo.display_url, photo.hosted_url, photo.url) AS photo_url,
          person_metrics.metric_value,
          show_context.canonical_slug AS show_context,
          person_metrics.latest_at
        FROM person_metrics
        JOIN core.people AS p ON p.id = person_metrics.person_id
        
LEFT JOIN LATERAL (
  SELECT
    cp.thumb_url,
    cp.display_url,
    cp.hosted_url,
    cp.url
  FROM core.v_cast_photos AS cp
  WHERE cp.person_id = person_metrics.person_id
  ORDER BY
    CASE
      WHEN lower(COALESCE(cp.context_section, $30)) = $31 THEN $32
      WHEN lower(COALESCE(cp.context_section, $33)) IN (
        $34,
        $35
      ) THEN $36
      ELSE $37
    END,
    cp.gallery_index ASC NULLS LAST
  LIMIT $38
) AS photo ON $39

        
LEFT JOIN LATERAL (
  SELECT
    CASE
      WHEN sws.slug_collision_count > $40
        THEN COALESCE(NULLIF(sws.slug, $41), sws.computed_slug) || $42 || lower(left(sws.id::text, $43))
      ELSE COALESCE(NULLIF(sws.slug, $44), sws.computed_slug)
    END AS canonical_slug
  FROM core.v_person_show_seasons AS vpss
  JOIN shows_with_slug AS sws ON sws.id = vpss.show_id
  WHERE vpss.person_id = person_metrics.person_id
  ORDER BY
    COALESCE(vpss.total_episodes, $45) DESC,
    vpss.show_id ASC
  LIMIT $46
) AS show_context ON $47

        ORDER BY
          person_metrics.metric_value DESC,
          person_metrics.latest_at DESC NULLS LAST,
          p.full_name ASC
        LIMIT $48",-3000817635289219303,0,647.677384
22,core_admin,17.3875170454545,"SELECT
       s.*,
       poster.hosted_url AS poster_url,
       backdrop.hosted_url AS backdrop_url,
       logo.hosted_url AS logo_url
     FROM core.shows AS s
     LEFT JOIN core.show_images AS poster ON poster.id = s.primary_poster_image_id
     LEFT JOIN core.show_images AS backdrop ON backdrop.id = s.primary_backdrop_image_id
     LEFT JOIN core.show_images AS logo ON logo.id = s.primary_logo_image_id
     WHERE s.name ILIKE $1
        OR EXISTS (
          SELECT $4
          FROM unnest(COALESCE(s.alternative_names, ARRAY[]::text[])) AS alt(name)
          WHERE alt.name ILIKE $1
        )
     ORDER BY s.name ASC
     LIMIT $2 OFFSET $3",-1285704284349094388,69,382.525375
24,core_admin,14.6628211666667,"WITH shows_with_slug AS (
       SELECT
         s.*,
         
  lower(
    trim(
      both $4 FROM regexp_replace(
        regexp_replace(COALESCE(s.name, $5), $6, $7, $8),
        $9,
        $10,
        $11
      )
    )
  )
 AS slug,
         COUNT(*) OVER (PARTITION BY 
  lower(
    trim(
      both '-' FROM regexp_replace(
        regexp_replace(COALESCE(s.name, ''), '&', ' and ', 'gi'),
        '[^a-z0-9]+',
        '-',
        'gi'
      )
    )
  )
) AS slug_collision_count
       FROM core.shows AS s
     )
     SELECT
       s.*,
       CASE
         WHEN s.slug_collision_count > $12
           THEN s.slug || $13 || lower(left(s.id::text, $14))
         ELSE s.slug
       END AS canonical_slug,
       poster.hosted_url AS poster_url,
       backdrop.hosted_url AS backdrop_url,
       logo.hosted_url AS logo_url
     FROM shows_with_slug AS s
     LEFT JOIN core.show_images AS poster ON poster.id = s.primary_poster_image_id
     LEFT JOIN core.show_images AS backdrop ON backdrop.id = s.primary_backdrop_image_id
     LEFT JOIN core.show_images AS logo ON logo.id = s.primary_logo_image_id
     WHERE s.name ILIKE $1
        OR EXISTS (
          SELECT $15
          FROM unnest(COALESCE(s.alternative_names, ARRAY[]::text[])) AS alt(name)
          WHERE alt.name ILIKE $1
        )
     ORDER BY s.name ASC
     LIMIT $2 OFFSET $3",-4346999300912834666,57,351.907708
65,core_admin,4.61878787692308,"WITH added AS (
        SELECT DISTINCT btrim(cs.trr_show_id::text) AS show_id
        FROM admin.covered_shows cs
        WHERE btrim(cs.trr_show_id::text) <> $3
      ),
      provider_primary_names AS (
        SELECT DISTINCT lower(btrim(wp.provider_name)) AS name_key
        FROM core.show_watch_providers swp
        JOIN core.watch_providers wp ON wp.provider_id = swp.provider_id
        WHERE btrim(COALESCE(wp.provider_name, $4)) <> $5
      ),
      network_show_source AS (
        SELECT DISTINCT s.id AS show_id
        FROM core.shows s
        WHERE $1 = $6
          AND EXISTS (
            SELECT $7
            FROM unnest(COALESCE(s.networks, ARRAY[]::text[])) AS network_name
            WHERE btrim(network_name) <> $8
              AND lower(btrim(network_name)) = $2
          )
      ),
      streaming_show_source AS (
        SELECT DISTINCT swp.show_id AS show_id
        FROM core.show_watch_providers swp
        JOIN core.watch_providers wp ON wp.provider_id = swp.provider_id
        WHERE $1 = $9
          AND lower(btrim(wp.provider_name)) = $2
      ),
      streaming_fallback_show_source AS (
        SELECT DISTINCT s.id AS show_id
        FROM core.shows s
        LEFT JOIN provider_primary_names pp ON pp.name_key = $2
        WHERE $1 = $10
          AND pp.name_key IS NULL
          AND EXISTS (
            SELECT $11
            FROM unnest(COALESCE(s.streaming_providers, ARRAY[]::text[])) AS provider_name
            WHERE btrim(provider_name) <> $12
              AND lower(btrim(provider_name)) = $2
          )
      ),
      entity_show_source AS (
        SELECT show_id FROM network_show_source
        UNION
        SELECT show_id FROM streaming_show_source
        UNION
        SELECT show_id FROM streaming_fallback_show_source
      ),
      shows_with_slug AS (
        SELECT
          s.*,
          
  lower(
    trim(
      both $13 FROM regexp_replace(
        regexp_replace(COALESCE(s.name, $14), $15, $16, $17),
        $18,
        $19,
        $20
      )
    )
  )
 AS slug,
          COUNT(*) OVER (PARTITION BY 
  lower(
    trim(
      both '-' FROM regexp_replace(
        regexp_replace(COALESCE(s.name, ''), '&', ' and ', 'gi'),
        '[^a-z0-9]+',
        '-',
        'gi'
      )
    )
  )
) AS slug_collision_count
        FROM core.shows AS s
      )
      SELECT DISTINCT
        es.show_id::text AS trr_show_id,
        COALESCE(
          NULLIF(btrim(cs.show_name), $21),
          NULLIF(btrim(s.name), $22),
          es.show_id::text
        ) AS show_name,
        CASE
          WHEN s.slug_collision_count > $23
            THEN s.slug || $24 || lower(left(s.id::text, $25))
          ELSE s.slug
        END AS canonical_slug,
        si.hosted_url AS poster_url
      FROM entity_show_source es
      JOIN added a ON a.show_id = es.show_id::text
      LEFT JOIN admin.covered_shows cs ON cs.trr_show_id::text = es.show_id::text
      LEFT JOIN shows_with_slug s ON s.id = es.show_id
      LEFT JOIN core.show_images si ON si.id = s.primary_poster_image_id
      ORDER BY show_name ASC",-8395185628408076325,542,300.221212
7,core_admin,29.9723922857143,"WITH shows_with_slug AS (
          SELECT
            s.*,
            
lower(
  trim(
    both $1 FROM regexp_replace(
      regexp_replace(COALESCE(s.name, $2), $3, $4, $5),
      $6,
      $7,
      $8
    )
  )
)
 AS computed_slug,
            COUNT(*) OVER (PARTITION BY 
lower(
  trim(
    both '-' FROM regexp_replace(
      regexp_replace(COALESCE(s.name, ''), '&', ' and ', 'gi'),
      '[^a-z0-9]+',
      '-',
      'gi'
    )
  )
)
) AS slug_collision_count
          FROM core.shows AS s
        )
        SELECT
          s.*,
          CASE
            WHEN s.slug_collision_count > $9
              THEN COALESCE(NULLIF(s.slug, $10), s.computed_slug) || $11 || lower(left(s.id::text, $12))
            ELSE COALESCE(NULLIF(s.slug, $13), s.computed_slug)
          END AS canonical_slug,
          poster.hosted_url AS poster_url,
          backdrop.hosted_url AS backdrop_url,
          logo.hosted_url AS logo_url
        FROM shows_with_slug AS s
        LEFT JOIN core.show_images AS poster ON poster.id = s.primary_poster_image_id
        LEFT JOIN core.show_images AS backdrop ON backdrop.id = s.primary_backdrop_image_id
        LEFT JOIN core.show_images AS logo ON logo.id = s.primary_logo_image_id
        WHERE s.name ILIKE $14
           OR EXISTS (
             SELECT $15
             FROM unnest(COALESCE(s.alternative_names, ARRAY[]::text[])) AS alt(name)
             WHERE alt.name ILIKE $16
           )
        ORDER BY s.name ASC
        LIMIT $17 OFFSET $18",-7979992979830973111,109,209.806746
7,core_admin,20.3856604285714,"WITH shows_with_slug AS (
          SELECT
            s.*,
            
lower(
  trim(
    both $1 FROM regexp_replace(
      regexp_replace(COALESCE(s.name, $2), $3, $4, $5),
      $6,
      $7,
      $8
    )
  )
)
 AS computed_slug,
            COUNT(*) OVER (PARTITION BY 
lower(
  trim(
    both '-' FROM regexp_replace(
      regexp_replace(COALESCE(s.name, ''), '&', ' and ', 'gi'),
      '[^a-z0-9]+',
      '-',
      'gi'
    )
  )
)
) AS slug_collision_count
          FROM core.shows AS s
        )
        SELECT
          s.id::text AS id,
          s.name,
          s.slug,
          s.alternative_names,
          CASE
            WHEN s.slug_collision_count > $9
              THEN COALESCE(NULLIF(s.slug, $10), s.computed_slug) || $11 || lower(left(s.id::text, $12))
            ELSE COALESCE(NULLIF(s.slug, $13), s.computed_slug)
          END AS canonical_slug
        FROM shows_with_slug AS s
        WHERE s.name ILIKE $14
           OR EXISTS (
             SELECT $15
             FROM unnest(COALESCE(s.alternative_names, ARRAY[]::text[])) AS alt(name)
             WHERE alt.name ILIKE $16
           )
        ORDER BY s.name ASC
        LIMIT $17 OFFSET $18",-2177954779081390171,8,142.699623
10,core_admin,13.5808871,"WITH shows_with_slug AS (
                  SELECT
                    s.id,
                    s.name,
                    s.slug,
                    COALESCE(s.alternative_names, ARRAY[]::text[]) AS alternative_names,
                    
lower(
  trim(
    both $1 FROM regexp_replace(
      regexp_replace(COALESCE(s.name, $2), $3, $4, $5),
      $6,
      $7,
      $8
    )
  )
)
 AS computed_slug,
                    COUNT(*) OVER (PARTITION BY 
lower(
  trim(
    both '-' FROM regexp_replace(
      regexp_replace(COALESCE(s.name, ''), '&', ' and ', 'gi'),
      '[^a-z0-9]+',
      '-',
      'gi'
    )
  )
)
) AS slug_collision_count
                  FROM core.shows AS s
                )
                SELECT
                  s.id::text AS id,
                  s.name,
                  s.slug,
                  s.alternative_names,
                  CASE
                    WHEN s.slug_collision_count > $9
                      THEN COALESCE(NULLIF(s.slug, $10), s.computed_slug) || $11 || lower(left(s.id::text, $12))
                    ELSE COALESCE(NULLIF(s.slug, $13), s.computed_slug)
                  END AS canonical_slug
                FROM shows_with_slug AS s
                WHERE s.name ILIKE $14
                   OR EXISTS (
                     SELECT $15
                     FROM unnest(s.alternative_names) AS alt(name)
                     WHERE alt.name ILIKE $16
                   )
                ORDER BY s.name ASC
                LIMIT $17 OFFSET $18",8303470922281884162,4,135.808871
13,core_admin,8.15150315384615,"WITH shows_with_slug AS (
          SELECT
            s.id,
            s.name,
            s.slug,
            COALESCE(s.alternative_names, ARRAY[]::text[]) AS alternative_names,
            s.show_total_seasons,
            s.show_total_episodes,
            COALESCE(s.networks, ARRAY[]::text[]) AS networks,
            s.primary_poster_image_id,
            
lower(
  trim(
    both $1 FROM regexp_replace(
      regexp_replace(COALESCE(s.name, $2), $3, $4, $5),
      $6,
      $7,
      $8
    )
  )
)
 AS computed_slug,
            COUNT(*) OVER (PARTITION BY 
lower(
  trim(
    both '-' FROM regexp_replace(
      regexp_replace(COALESCE(s.name, ''), '&', ' and ', 'gi'),
      '[^a-z0-9]+',
      '-',
      'gi'
    )
  )
)
) AS slug_collision_count
          FROM core.shows AS s
        )
        SELECT
          s.id::text AS id,
          s.name,
          s.slug,
          s.alternative_names,
          s.show_total_seasons,
          s.show_total_episodes,
          s.networks,
          CASE
            WHEN s.slug_collision_count > $9
              THEN COALESCE(NULLIF(s.slug, $10), s.computed_slug) || $11 || lower(left(s.id::text, $12))
            ELSE COALESCE(NULLIF(s.slug, $13), s.computed_slug)
          END AS canonical_slug,
          poster.hosted_url AS poster_url
        FROM shows_with_slug AS s
        LEFT JOIN core.show_images AS poster ON poster.id = s.primary_poster_image_id
        WHERE s.name ILIKE $14
           OR EXISTS (
             SELECT $15
             FROM unnest(s.alternative_names) AS alt(name)
             WHERE alt.name ILIKE $16
           )
        ORDER BY s.name ASC
        LIMIT $17 OFFSET $18",7482142521396842306,56,105.969541
12,core_admin,6.91053991666667,"WITH added AS (
        SELECT DISTINCT btrim(cs.trr_show_id::text) AS show_id
        FROM admin.covered_shows cs
        WHERE btrim(cs.trr_show_id::text) <> $3
      ),
      provider_primary_names AS (
        SELECT DISTINCT lower(btrim(wp.provider_name)) AS name_key
        FROM core.show_watch_providers swp
        JOIN core.watch_providers wp ON wp.provider_id = swp.provider_id
        WHERE btrim(COALESCE(wp.provider_name, $4)) <> $5
      ),
      network_show_source AS (
        SELECT DISTINCT s.id AS show_id
        FROM core.shows s
        WHERE $1 = $6
          AND EXISTS (
            SELECT $7
            FROM unnest(COALESCE(s.networks, ARRAY[]::text[])) AS network_name
            WHERE btrim(network_name) <> $8
              AND lower(btrim(network_name)) = $2
          )
      ),
      streaming_show_source AS (
        SELECT DISTINCT swp.show_id AS show_id
        FROM core.show_watch_providers swp
        JOIN core.watch_providers wp ON wp.provider_id = swp.provider_id
        WHERE $1 = $9
          AND lower(btrim(wp.provider_name)) = $2
      ),
      streaming_fallback_show_source AS (
        SELECT DISTINCT s.id AS show_id
        FROM core.shows s
        LEFT JOIN provider_primary_names pp ON pp.name_key = $2
        WHERE $1 = $10
          AND pp.name_key IS NULL
          AND EXISTS (
            SELECT $11
            FROM unnest(COALESCE(s.streaming_providers, ARRAY[]::text[])) AS provider_name
            WHERE btrim(provider_name) <> $12
              AND lower(btrim(provider_name)) = $2
          )
      ),
      production_show_source AS (
        SELECT DISTINCT s.id AS show_id
        FROM core.shows s
        WHERE $1 = $13
          AND EXISTS (
            SELECT $14
            FROM unnest(COALESCE(s.tmdb_production_company_ids, ARRAY[]::int[])) AS pc_id
            JOIN core.production_companies pc ON pc.id = pc_id
            WHERE lower(btrim(pc.name)) = $2
          )
      ),
      entity_show_source AS (
        SELECT show_id FROM network_show_source
        UNION
        SELECT show_id FROM streaming_show_source
        UNION
        SELECT show_id FROM streaming_fallback_show_source
        UNION
        SELECT show_id FROM production_show_source
      ),
      shows_with_slug AS (
        SELECT
          s.*,
          
  lower(
    trim(
      both $15 FROM regexp_replace(
        regexp_replace(COALESCE(s.name, $16), $17, $18, $19),
        $20,
        $21,
        $22
      )
    )
  )
 AS slug,
          COUNT(*) OVER (PARTITION BY 
  lower(
    trim(
      both '-' FROM regexp_replace(
        regexp_replace(COALESCE(s.name, ''), '&', ' and ', 'gi'),
        '[^a-z0-9]+',
        '-',
        'gi'
      )
    )
  )
) AS slug_collision_count
        FROM core.shows AS s
      )
      SELECT DISTINCT
        es.show_id::text AS trr_show_id,
        COALESCE(
          NULLIF(btrim(cs.show_name), $23),
          NULLIF(btrim(s.name), $24),
          es.show_id::text
        ) AS show_name,
        CASE
          WHEN s.slug_collision_count > $25
            THEN s.slug || $26 || lower(left(s.id::text, $27))
          ELSE s.slug
        END AS canonical_slug,
        si.hosted_url AS poster_url
      FROM entity_show_source es
      JOIN added a ON a.show_id = es.show_id::text
      LEFT JOIN admin.covered_shows cs ON cs.trr_show_id::text = es.show_id::text
      LEFT JOIN shows_with_slug s ON s.id = es.show_id
      LEFT JOIN core.show_images si ON si.id = s.primary_poster_image_id
      ORDER BY show_name ASC",-3849261715763090789,23,82.926479
8,core_admin,7.577583,"WITH shows_with_slug AS (
          SELECT
            s.*,
            
lower(
  trim(
    both $1 FROM regexp_replace(
      regexp_replace(COALESCE(s.name, $2), $3, $4, $5),
      $6,
      $7,
      $8
    )
  )
)
 AS computed_slug,
            COUNT(*) OVER (PARTITION BY 
lower(
  trim(
    both '-' FROM regexp_replace(
      regexp_replace(COALESCE(s.name, ''), '&', ' and ', 'gi'),
      '[^a-z0-9]+',
      '-',
      'gi'
    )
  )
)
) AS slug_collision_count
          FROM core.shows AS s
        )
        SELECT
          s.*,
          CASE
            WHEN s.slug_collision_count > $9
              THEN COALESCE(NULLIF(s.slug, $10), s.computed_slug) || $11 || lower(left(s.id::text, $12))
            ELSE COALESCE(NULLIF(s.slug, $13), s.computed_slug)
          END AS canonical_slug,
          poster.hosted_url AS poster_url,
          backdrop.hosted_url AS backdrop_url,
          logo.hosted_url AS logo_url
        FROM shows_with_slug AS s
        LEFT JOIN core.show_images AS poster ON poster.id = s.primary_poster_image_id
        LEFT JOIN core.show_images AS backdrop ON backdrop.id = s.primary_backdrop_image_id
        LEFT JOIN core.show_images AS logo ON logo.id = s.primary_logo_image_id
        WHERE s.id = $14::uuid
        LIMIT $15",-1322409010401165237,8,60.620664
6,core_admin,5.0340385,"WITH added AS (
          SELECT DISTINCT btrim(cs.trr_show_id::text) AS show_id
          FROM admin.covered_shows cs
          WHERE btrim(cs.trr_show_id::text) <> $1
        ),
        provider_primary_names AS (
          SELECT DISTINCT lower(btrim(wp.provider_name)) AS name_key
          FROM core.show_watch_providers swp
          JOIN core.watch_providers wp ON wp.provider_id = swp.provider_id
          WHERE btrim(COALESCE(wp.provider_name, $2)) <> $3
        ),
        network_show_source AS (
          SELECT DISTINCT s.id AS show_id
          FROM core.shows s
          WHERE $4 = $5
            AND EXISTS (
              SELECT $6
              FROM unnest(COALESCE(s.networks, ARRAY[]::text[])) AS network_name
              WHERE btrim(network_name) <> $7
                AND lower(btrim(network_name)) = $8
            )
        ),
        streaming_show_source AS (
          SELECT DISTINCT swp.show_id AS show_id
          FROM core.show_watch_providers swp
          JOIN core.watch_providers wp ON wp.provider_id = swp.provider_id
          WHERE $9 = $10
            AND lower(btrim(wp.provider_name)) = $11
        ),
        streaming_fallback_show_source AS (
          SELECT DISTINCT s.id AS show_id
          FROM core.shows s
          LEFT JOIN provider_primary_names pp ON pp.name_key = $12
          WHERE $13 = $14
            AND pp.name_key IS NULL
            AND EXISTS (
              SELECT $15
              FROM unnest(COALESCE(s.streaming_providers, ARRAY[]::text[])) AS provider_name
              WHERE btrim(provider_name) <> $16
                AND lower(btrim(provider_name)) = $17
            )
        ),
        production_show_source AS (
          SELECT DISTINCT s.id AS show_id
          FROM core.shows s
          WHERE $18 = $19
            AND EXISTS (
              SELECT $20
              FROM unnest(COALESCE(s.tmdb_production_company_ids, ARRAY[]::int[])) AS pc_id
              JOIN core.production_companies pc ON pc.id = pc_id
              WHERE lower(btrim(pc.name)) = $21
            )
        ),
        entity_show_source AS (
          SELECT show_id FROM network_show_source
          UNION
          SELECT show_id FROM streaming_show_source
          UNION
          SELECT show_id FROM streaming_fallback_show_source
          UNION
          SELECT show_id FROM production_show_source
        ),
        shows_with_slug AS (
          SELECT
            s.*,
            
lower(
  trim(
    both $22 FROM regexp_replace(
      regexp_replace(COALESCE(s.name, $23), $24, $25, $26),
      $27,
      $28,
      $29
    )
  )
)
 AS computed_slug,
            COUNT(*) OVER (PARTITION BY 
lower(
  trim(
    both '-' FROM regexp_replace(
      regexp_replace(COALESCE(s.name, ''), '&', ' and ', 'gi'),
      '[^a-z0-9]+',
      '-',
      'gi'
    )
  )
)
) AS slug_collision_count
          FROM core.shows AS s
        )
        SELECT DISTINCT
          es.show_id::text AS trr_show_id,
          COALESCE(NULLIF(btrim(cs.show_name), $30), NULLIF(btrim(s.name), $31), es.show_id::text) AS show_name,
          CASE
            WHEN s.slug_collision_count > $32
              THEN COALESCE(NULLIF(s.slug, $33), s.computed_slug) || $34 || lower(left(s.id::text, $35))
            ELSE COALESCE(NULLIF(s.slug, $36), s.computed_slug)
          END AS canonical_slug,
          si.hosted_url AS poster_url
        FROM entity_show_source es
        JOIN added a ON a.show_id = es.show_id::text
        LEFT JOIN admin.covered_shows cs ON cs.trr_show_id::text = es.show_id::text
        LEFT JOIN shows_with_slug s ON s.id = es.show_id
        LEFT JOIN core.show_images si ON si.id = s.primary_poster_image_id
        ORDER BY show_name ASC",1606497745153650911,60,30.204231
4,core_admin,3.92867875,"WITH added AS (
          SELECT DISTINCT btrim(cs.trr_show_id::text) AS show_id
          FROM admin.covered_shows cs
          WHERE btrim(cs.trr_show_id::text) <> $1
        ),
        provider_primary_names AS (
          SELECT DISTINCT lower(btrim(wp.provider_name)) AS name_key
          FROM core.show_watch_providers swp
          JOIN core.watch_providers wp ON wp.provider_id = swp.provider_id
          WHERE btrim(COALESCE(wp.provider_name, $2)) <> $3
        ),
        network_show_source AS (
          SELECT DISTINCT s.id AS show_id
          FROM core.shows s
          WHERE $4 = $5
            AND EXISTS (
              SELECT $6
              FROM unnest(COALESCE(s.networks, ARRAY[]::text[])) AS network_name
              WHERE btrim(network_name) <> $7
                AND lower(btrim(network_name)) = $8
            )
        ),
        streaming_show_source AS (
          SELECT DISTINCT swp.show_id AS show_id
          FROM core.show_watch_providers swp
          JOIN core.watch_providers wp ON wp.provider_id = swp.provider_id
          WHERE $9 = $10
            AND lower(btrim(wp.provider_name)) = $11
        ),
        streaming_fallback_show_source AS (
          SELECT DISTINCT s.id AS show_id
          FROM core.shows s
          LEFT JOIN provider_primary_names pp ON pp.name_key = $12
          WHERE $13 = $14
            AND pp.name_key IS NULL
            AND EXISTS (
              SELECT $15
              FROM unnest(COALESCE(s.streaming_providers, ARRAY[]::text[])) AS provider_name
              WHERE btrim(provider_name) <> $16
                AND lower(btrim(provider_name)) = $17
            )
        ),
        production_show_source AS (
          SELECT DISTINCT s.id AS show_id
          FROM core.shows s
          WHERE $18 = $19
            AND EXISTS (
              SELECT $20
              FROM unnest(COALESCE(s.tmdb_production_company_ids, ARRAY[]::int[])) AS pc_id
              JOIN core.production_companies pc ON pc.id = pc_id
              WHERE lower(btrim(pc.name)) = $21
            )
        ),
        entity_show_source AS (
          SELECT show_id FROM network_show_source
          UNION
          SELECT show_id FROM streaming_show_source
          UNION
          SELECT show_id FROM streaming_fallback_show_source
          UNION
          SELECT show_id FROM production_show_source
        ),
        shows_with_slug AS (
          SELECT
            s.id,
            s.name,
            s.slug,
            s.primary_poster_image_id,
            
lower(
  trim(
    both $22 FROM regexp_replace(
      regexp_replace(COALESCE(s.name, $23), $24, $25, $26),
      $27,
      $28,
      $29
    )
  )
)
 AS computed_slug,
            COUNT(*) OVER (PARTITION BY 
lower(
  trim(
    both '-' FROM regexp_replace(
      regexp_replace(COALESCE(s.name, ''), '&', ' and ', 'gi'),
      '[^a-z0-9]+',
      '-',
      'gi'
    )
  )
)
) AS slug_collision_count
          FROM core.shows AS s
        )
        SELECT DISTINCT
          es.show_id::text AS trr_show_id,
          COALESCE(NULLIF(btrim(cs.show_name), $30), NULLIF(btrim(s.name), $31), es.show_id::text) AS show_name,
          CASE
            WHEN s.slug_collision_count > $32
              THEN COALESCE(NULLIF(s.slug, $33), s.computed_slug) || $34 || lower(left(s.id::text, $35))
            ELSE COALESCE(NULLIF(s.slug, $36), s.computed_slug)
          END AS canonical_slug,
          si.hosted_url AS poster_url
        FROM entity_show_source es
        JOIN added a ON a.show_id = es.show_id::text
        LEFT JOIN admin.covered_shows cs ON cs.trr_show_id::text = es.show_id::text
        LEFT JOIN shows_with_slug s ON s.id = es.show_id
        LEFT JOIN core.show_images si ON si.id = s.primary_poster_image_id
        ORDER BY show_name ASC",-3200150942006294006,40,15.714715
13316,social,341.42710090455,"with active_runs as (
                      select id
                      from social.scrape_runs
                      where status = any(ARRAY[$1,$2,$3,$4,$5]::text[])
                    )
                    select
                      coalesce(j.platform, $6) as platform,
                      coalesce(j.job_type, $7) as job_type,
                      coalesce(j.status, $8) as status,
                      lower(
                        coalesce(
                          nullif(j.config->>$9, $10),
                          nullif(j.metadata->>$11, $12),
                          nullif(j.job_type, $13),
                          $14
                        )
                      ) as stage,
                      count(*)::bigint as total
                    from social.scrape_jobs j
                    left join active_runs ar on ar.id = j.run_id
                    where j.status = any(ARRAY[$15,$16,$17,$18,$19]::text[])
                       or ar.id is not null
                    group by 1, 2, 3, 4",5023416712210433429,12466,4546443.27564499
668,social,2597.50349221108,"with candidate_runs as (
          select distinct
            lower(coalesce(j.platform, $1)) as platform,
            r.id::text as run_id,
            lower(coalesce(r.status, $2)) as status,
            r.created_at
          from social.scrape_runs r
          join social.scrape_jobs j on j.run_id = r.id
          where r.season_id = $3
            and r.source_scope = $4
            and lower(coalesce(j.platform, $5)) <> $6
            and lower(coalesce(j.platform, $7)) = any(ARRAY[$8,$9,$10,$11,$12,$13,$14])
            and (
              (
                coalesce(r.config->>$15, $16) ~ $17
                and (r.config->>$18)::int = $19
              )
              or (
                coalesce(r.config->>$20, $21) ~ $22
                and (r.config->>$23)::int = $24
              )
              or (
                coalesce(j.config->>$25, $26) ~ $27
                and (j.config->>$28)::int = $29
              )
              or (
                coalesce(j.config->>$30, $31) ~ $32
                and (j.config->>$33)::int = $34
              )
            )
        )
        select
          platform,
          run_id,
          status
        from (
          select
            platform,
            run_id,
            status,
            row_number() over (
              partition by platform
              order by
                case
                  when status in ($35, $36, $37, $38) then $39
                  when status = $40 then $41
                  else $42
                end,
                created_at desc,
                run_id desc
            ) as rn
          from candidate_runs
        ) ranked
        where rn = $43",7678591524919039602,3984,1735132.332797
26678,social,27.7873051580703,select status from social.scrape_runs where id = $1,-7840825903220086196,26678,741309.727007001
448,social,917.116087941964,"with candidate_runs as (
          select distinct
            lower(coalesce(j.platform, $1)) as platform,
            r.id::text as run_id,
            lower(coalesce(r.status, $2)) as status,
            r.created_at
          from social.scrape_runs r
          join social.scrape_jobs j on j.run_id = r.id
          where r.season_id = $3
            and r.source_scope = $4
            and lower(coalesce(j.platform, $5)) <> $6
            and lower(coalesce(j.platform, $7)) = any(ARRAY[$8])
            and (
              (
                coalesce(r.config->>$9, $10) ~ $11
                and (r.config->>$12)::int = $13
              )
              or (
                coalesce(r.config->>$14, $15) ~ $16
                and (r.config->>$17)::int = $18
              )
              or (
                coalesce(j.config->>$19, $20) ~ $21
                and (j.config->>$22)::int = $23
              )
              or (
                coalesce(j.config->>$24, $25) ~ $26
                and (j.config->>$27)::int = $28
              )
            )
        )
        select
          platform,
          run_id,
          status
        from (
          select
            platform,
            run_id,
            status,
            row_number() over (
              partition by platform
              order by
                case
                  when status in ($29, $30, $31, $32) then $33
                  when status = $34 then $35
                  else $36
                end,
                created_at desc,
                run_id desc
            ) as rn
          from candidate_runs
        ) ranked
        where rn = $37",7358515320472053994,448,410868.007398
13322,social,8.41889368240504,"select
          id::text as id,
          created_at,
          started_at
        from social.scrape_runs
        where status = any(ARRAY[$1,$2,$3,$4,$5]::text[])
        order by created_at desc
        limit $6",8944534053485136807,3531,112156.501637
14079,social,7.89552287740604,"select
          id::text,
          season_id::text as season_id,
          show_id::text as show_id,
          source_scope,
          status,
          config,
          summary,
          initiated_by,
          created_at,
          started_at,
          completed_at,
          cancelled_at
        from social.scrape_runs
        where season_id = $1
     and source_scope = $2 and coalesce(config->>$3, $4) = $5 order by created_at desc limit $6",-7671651400040149810,14320,111161.066591
1436,social,30.4732570682452,"select
          id::text as run_id,
          status
        from social.scrape_runs
        where season_id = $1
          and source_scope = $2
          and (
            (
              coalesce(config->>$3, $4) ~ $5
              and (config->>$6)::int = $7
            )
            or (
              coalesce(config->>$8, $9) ~ $10
              and (config->>$11)::int = $12
            )
          )
        order by
          case
            when status in ($13, $14, $15, $16) then $17
            when status = $18 then $19
            else $20
          end,
          created_at desc
        limit $21",9028940971331210762,1397,43759.5971500001
48,social,698.491057666667,"select
          r.id::text as run_id,
          r.status,
          r.created_at,
          r.started_at,
          r.completed_at,
          j.id::text as job_id,
          j.error_message,
          j.metadata
        from social.scrape_runs r
        join social.scrape_jobs j on j.run_id = r.id
        where j.platform = $1
          and coalesce(j.config->>$2, j.metadata->>$3, j.job_type) = $4
          and ltrim(lower(coalesce(j.config->>$5, j.metadata->>$6, $7)), $8) = $9
        order by coalesce(r.started_at, r.created_at) desc, r.id desc
        limit $10",1356340109709096593,0,33527.570768
222,social,82.0356066216217,"select
          id::text as id,
          season_id::text as season_id,
          show_id::text as show_id,
          source_scope,
          status,
          config,
          summary,
          initiated_by,
          created_at,
          started_at,
          completed_at,
          cancelled_at
        from social.scrape_runs
        where coalesce(config->>$1, $2) = $3
     and source_scope = $4 order by created_at desc limit $5",5483150606280212242,130,18211.90467
2549,social,3.45882128010985,"select
          id::text,
          season_id::text as season_id,
          show_id::text as show_id,
          source_scope,
          status,
          config,
          summary,
          initiated_by,
          created_at,
          started_at,
          completed_at,
          cancelled_at
        from social.scrape_runs
        where season_id = $1
     and source_scope = $2 order by created_at desc limit $3",-3312024922514792459,176342,8816.535443
1981,social,3.45968895961635,"select status, config from social.scrape_runs where id = $1",5359771626864085849,1981,6853.64382899999
2,social,3073.5520095,"explain (analyze, buffers)
with active_runs as (
  select id
  from social.scrape_runs
  where status = any(array[$1, $2, $3, $4, $5]::text[])
)
select
  coalesce(j.platform, $6) as platform,
  coalesce(j.job_type, $7) as job_type,
  coalesce(j.status, $8) as status,
  lower(
    coalesce(
      nullif(j.config->>$9, $10),
      nullif(j.metadata->>$11, $12),
      nullif(j.job_type, $13),
      $14
    )
  ) as stage,
  count(*)::bigint as total
from social.scrape_jobs j
left join active_runs ar on ar.id = j.run_id
where j.status = any(array[$15, $16, $17, $18, $19]::text[])
   or ar.id is not null
group by 1, 2, 3, 4
order by platform, job_type, status, stage",3141343862376328387,0,6147.104019
257,social,21.2696111361868,"select
                              coalesce(status, $1) as status,
                              count(*)::bigint as total
                            from social.scrape_runs r
                            where (
                              coalesce(r.status, $2) not in ($3, $4)
                              or nullif(coalesce(r.config->>$5, $6), $7) is null
                            )
                            group by 1",1015365460166565519,740,5466.290062
19341,social,0.277597549609637,"select
          id::text as run_id,
          season_id::text as season_id,
          status,
          source_scope,
          config,
          summary,
          created_at,
          started_at,
          completed_at
        from social.scrape_runs
        where id = $1::uuid
          and coalesce(config->>$2, $3) = $4
        limit $5",-5914087203369747727,19339,5369.014207
888,social,3.6376784481982,"select
                              coalesce(status, $1) as status,
                              count(*)::bigint as total
                            from social.scrape_runs
                            group by 1",5551693188986896874,4034,3230.258462
9347,social,0.159613529367712,"select id::text as run_id
        from social.scrape_runs
        where season_id = $1
          and source_scope = $2
        order by created_at desc
        limit $3",-3706408304368997832,9345,1491.907659
785,social,1.72157789426752,"select
          r.id::text as id,
          r.status,
          r.config,
          r.summary,
          r.created_at,
          r.started_at,
          r.completed_at
        from social.scrape_runs r
        join (
          select run_id, max(updated_at) as updated_at
          from (
            select run_id, updated_at
            from social.shared_post_matches
            where source_scope = $1
              and matched_season_id = $2::uuid
              and run_id is not null
            union all
            select q.run_id, q.updated_at
            from social.shared_post_review_queue q
            where q.source_scope = $3
              and q.review_status = $4
              and q.run_id is not null
              and exists (
                select $5
                from jsonb_array_elements(coalesce(q.payload->$6, $7::jsonb)) as candidate
                where candidate->>$8 = $9
              )
          ) relevant
          group by run_id
          order by max(updated_at) desc nulls last
          limit $10
        ) recent on recent.run_id = r.id
        where coalesce(r.config->>$11, $12) = $13
        limit $14",-7885276568020392964,0,1351.438647
2,social,550.716852,"select
  (select count(*)::int from social.scrape_jobs where status in ($1,$2,$3,$4,$5)) as active_jobs,
  (select count(*)::int from social.scrape_jobs where status = any(array[$6,$7]::text[]) and nullif(coalesce(metadata->>$8,$9), $10) is null) as visible_recent_failures,
  (select count(*)::int from social.scrape_runs where status in ($11,$12) and nullif(coalesce(config->>$13,$14), $15) is null) as visible_failed_runs,
  (select count(*)::int from social.scrape_workers) as total_workers,
  (select count(*)::int from social.scrape_workers where status in ($16,$17,$18) and last_seen_at >= now() - ($19 * interval $20)) as active_workers,
  (select count(*)::int from social.scrape_workers where not (status in ($21,$22,$23) and last_seen_at >= now() - ($24 * interval $25))) as inactive_workers",4979295178532654798,2,1101.433704
6059,social,0.129940821587721,"select
          id::text as run_id,
          season_id::text as season_id,
          status,
          source_scope,
          config,
          summary,
          created_at,
          started_at,
          completed_at
        from social.scrape_runs
        where id = $1::uuid
          and season_id = $2::uuid
        limit $3",-5205256680398839300,6059,787.311438
3291,social,0.167627767851716,"select
          id::text,
          season_id::text as season_id,
          show_id::text as show_id,
          source_scope,
          status,
          config,
          summary,
          initiated_by,
          created_at,
          started_at,
          completed_at,
          cancelled_at
        from social.scrape_runs
        where season_id = $1
     and source_scope = $2 and id = $3::uuid order by created_at desc limit $4",4992917536188673076,3291,551.662983999998
7,social,73.256469,"select id::text as run_id,
       status,
       started_at,
       completed_at,
       summary
from social.scrape_runs
where id::text = $1",-7694312400230300216,7,512.795283
2826,social,0.135150192852088,"select
          id::text as id,
          status,
          source_scope,
          config,
          summary,
          created_at,
          started_at,
          completed_at,
          cancelled_at
        from social.scrape_runs
        where id = $1::uuid",4110825943424116768,2826,381.934445
6,social,56.0168696666667,"select id::text as id
            from social.scrape_runs
            where status in ($1, $2, $3)
            order by created_at desc
            limit $4",-151469871440960429,280,336.101218
63,social,5.07721115873016,delete from social.scrape_runs where id = $1::uuid returning id::text,-8624019656705403716,0,319.864303
22,social,14.2553106363636,"select
          id::text,
          season_id::text as season_id,
          show_id::text as show_id,
          source_scope,
          status,
          config,
          summary,
          initiated_by,
          created_at,
          started_at,
          completed_at,
          cancelled_at
        from social.scrape_runs
        where season_id = $1
     and coalesce(config->>$2, $3) = $4 order by created_at desc limit $5",1056607949874647950,512,313.616834
3,social,85.9406336666667,"select r.id::text as run_id, r.status, r.created_at, r.started_at, r.completed_at, r.config from social.scrape_runs r where r.id::text like $1 order by r.created_at desc limit $2",-8707226025820945022,3,257.821901
1195,social,0.155768859414226,"select
          id::text,
          season_id::text as season_id,
          show_id::text as show_id,
          source_scope,
          status,
          config,
          summary,
          initiated_by,
          created_at,
          started_at,
          completed_at,
          cancelled_at
        from social.scrape_runs
        where season_id = $1
     and source_scope = $2 and id = $3::uuid and coalesce(config->>$4, $5) = $6 order by created_at desc limit $7",-7865158098733450868,1195,186.143787
4,social,45.74445175,"select id::text,status,started_at,completed_at,
coalesce((summary->>$1)::int,$2)
from social.scrape_runs
where initiated_by=$3
order by created_at desc
limit $4",-557364760431231006,4,182.977807
861,social,0.163415570267131,"select
          id::text as id,
          id::text as run_id,
          season_id::text as season_id,
          status,
          source_scope,
          config,
          summary,
          created_at,
          started_at,
          completed_at
        from social.scrape_runs
        where id = $1::uuid
          and coalesce(config->>$2, $3) = $4
        limit $5",8144131847557244480,861,140.700806
396,social,0.325010204545455,"select
          id::text,
          season_id::text as season_id,
          show_id::text as show_id,
          source_scope,
          status,
          config,
          summary,
          initiated_by,
          created_at,
          started_at,
          completed_at,
          cancelled_at
        from social.scrape_runs
        where season_id = $1
     and id = $2::uuid order by created_at desc limit $3",-3285615604405202464,396,128.704041
1976,social,0.0605132960526315,select sync_session_id::text as sync_session_id from social.scrape_runs where id = $1::uuid,-6316267944702078602,1976,119.574273
4,social,29.70157625,"select id::text,status,created_at,started_at,completed_at,
coalesce((summary->>$1)::int,$2),
coalesce((summary->>$3)::int,$4),
coalesce((summary->>$5)::int,$6),
coalesce((summary->>$7)::int,$8)
from social.scrape_runs
where initiated_by=$9
order by created_at desc
limit $10",6112668404554490956,12,118.806305
12,social,9.21856333333334,"select r.status, r.started_at, r.completed_at, r.summary,
           j.id::text as job_id, j.status as job_status, j.worker_id, j.last_error_code, j.error_message,
           j.heartbeat_at, j.started_at as job_started_at, j.completed_at as job_completed_at,
           j.metadata
    from social.scrape_runs r
    left join lateral (
      select * from social.scrape_jobs where run_id = r.id order by created_at desc limit $1
    ) j on $2
    where r.id = $3::uuid",5245745966211114646,12,110.62276
562,social,0.175100740213523,"select
          id::text,
          season_id::text as season_id,
          show_id::text as show_id,
          source_scope,
          status,
          config,
          summary,
          created_at,
          started_at,
          completed_at,
          cancelled_at
        from social.scrape_runs
        where id = $1",7341075937760234509,562,98.406616
160,social,0.55104953125,"select
          id::text,
          season_id::text as season_id,
          show_id::text as show_id,
          source_scope,
          status,
          config,
          summary,
          initiated_by,
          created_at,
          started_at,
          completed_at,
          cancelled_at
        from social.scrape_runs
        where season_id = $1
     order by created_at desc limit $2",-6355974375873746021,1223,88.167925
2,social,32.2510625,"select r.id::text as run_id, r.status, r.created_at, r.started_at, r.completed_at, r.summary, r.config from social.scrape_runs r where r.config->$1 ? $2 and r.config->>$3 = $4 and coalesce(r.config->>$5,$6) = $7 order by r.created_at desc limit $8",4624983031137811133,8,64.502125
218,social,0.181656922018349,"select id::text, season_id::text, status
        from social.scrape_runs
        where id = $1 and season_id = $2",-2810606345071521031,212,39.6012090000001
109,social,0.313202440366972,"select
          id::text as id,
          status,
          config
        from social.scrape_runs
        where id = $1::uuid
          and coalesce(config->>$2, $3) = $4
        limit $5",-6053994249098069372,109,34.139066
80,social,0.3898149375,"select r.status, coalesce((r.summary->>$1)::int,$2), coalesce((r.summary->>$3)::int,$4), coalesce((r.summary->>$5)::int,$6), coalesce((select j.items_found from social.scrape_jobs j where j.run_id=r.id and j.job_type=$7 order by j.created_at desc limit $8),$9), coalesce((select extract($10 from (now()-j.heartbeat_at))::int from social.scrape_jobs j where j.run_id=r.id and j.job_type=$11 order by j.created_at desc limit $12),$13) from social.scrape_runs r where r.id=$14::uuid limit $15",4725405416625407184,80,31.185195
84,social,0.281305880952381,"select status, summary, completed_at from social.scrape_runs where id=$1::uuid",-3885557260036960684,84,23.629694
25,social,0.78335316,"select
          r.id::text as run_id,
          r.status,
          r.created_at,
          r.started_at
        from social.scrape_runs r
        where r.status = any(ARRAY[$1,$2,$3,$4,$5]::text[])
          and coalesce(r.config->>$6, $7) = $8
          and exists (
            select $9
            from jsonb_array_elements_text(coalesce(r.config->$10, $11::jsonb)) as platforms(value)
            where lower(platforms.value) = $12
          )
          and exists (
            select $13
            from jsonb_array_elements_text(coalesce(r.config->$14, $15::jsonb)) as accounts(value)
            where lower(accounts.value) = $16
          )
        order by r.created_at desc
        limit $17",6892959143390508743,8,19.583829
5,social,3.6875062,"select r.status as run_status,r.summary,j.status as job_status,j.heartbeat_at,j.attempt_count,j.metadata->$1 as activity from social.scrape_runs r join social.scrape_jobs j on j.run_id=r.id where r.id=$2",-5323191479802421006,5,18.437531
2,social,8.8024,"select id::text as run_id, status, created_at, config->$1 as platforms, config->$2 as accounts from social.scrape_runs where coalesce(config->>$3,$4) = $5 and created_at >= $6 and created_at <= $7 order by created_at desc limit $8",7420419358589078849,2,17.6048
2,social,8.6832375,"select id::text as run_id, status, created_at, started_at, completed_at, config, summary
from social.scrape_runs
where source_scope = $1
  and coalesce(config->>$2,$3) = $4
  and coalesce(config->>$5,$6) = $7
order by created_at desc
limit $8",8957098432119367594,2,17.366475
43,social,0.399595627906977,"select id::text as run_id, status, summary, completed_at from social.scrape_runs where id=$1::uuid",6808810372795145920,43,17.182612
192,social,0.0884183072916666,"select status, summary from social.scrape_runs where id=$1",-256015526815184695,192,16.976315
52,social,0.306406403846154,"select status,coalesce((summary->>$1)::int,$2),coalesce((summary->>$3)::int,$4),coalesce((summary->>$5)::int,$6),to_char(now(),$7) from social.scrape_runs where id=$8",-16344428807911647,52,15.933133
53,social,0.299073735849057,"select to_char(now(),$1), r.status, coalesce((r.summary->>$2)::int,$3), coalesce((r.summary->>$4)::int,$5), coalesce((r.summary->>$6)::int,$7), string_agg(j.platform||$8||j.status||$9||j.items_found, $10 order by j.platform) from social.scrape_runs r join social.scrape_jobs j on j.run_id=r.id where r.id=$11 group by r.id,r.status,r.summary",-5736141202332938431,53,15.850908
154,social,0.0926436493506494,"select id::text as id, status, summary, source_scope, created_at, started_at, completed_at, cancelled_at
        from social.scrape_runs
        where id = $1",-5882176754698403506,154,14.267122
40,social,0.331537025,"select r.status as run_status, r.summary, j.status as job_status, j.heartbeat_at, j.metadata->$1 as activity from social.scrape_runs r join social.scrape_jobs j on j.run_id=r.id where r.id=$2",-406758120490469050,42,13.261481
10,social,1.1836258,"select r.status, j.status, j.heartbeat_at,
coalesce((j.metadata->$1->>$2),$3) as phase,
coalesce((j.metadata->$4->>$5),$6) as posts_checked,
coalesce((j.metadata->$7->>$8),$9) as matched_posts
from social.scrape_runs r
join social.scrape_jobs j on j.run_id=r.id
where r.id=$10::uuid",-2783166622364621344,10,11.836258
54,social,0.17451987037037,"select
                  total_jobs,
                  completed_jobs,
                  failed_jobs,
                  active_jobs,
                  items_found_total,
                  stage_counts
                from social.scrape_runs
                where id = $1
                for update",5949858518155211047,54,9.424073
7,social,1.10076585714286,"select
              id::text as run_id,
              status,
              source_scope,
              config,
              created_at,
              started_at,
              completed_at,
              summary
            from social.scrape_runs
            where id = $1::uuid
            limit $2",6618928469256474438,7,7.705361
2,social,3.786881,"with run as (select id from social.scrape_runs where id::text like $1 limit $2) select count(*) as rows_written, count(*) filter (where permalink is not null and permalink <> $3) as rows_with_permalink, count(*) filter (where description is not null and description <> $4) as rows_with_description, count(*) filter (where posted_at is not null) as rows_with_posted_at, count(*) filter (where views is not null and views > $5) as rows_with_views, count(*) filter (where media_urls is not null and jsonb_array_length(media_urls) > $6) as rows_with_media_urls from social.tiktok_account_catalog_posts, run where lower(source_account)=$7 and last_backfill_run_id = run.id",-4655731222182707748,2,7.573762
7,social,1.02762828571429,"select $1||r.status||$2||coalesce(r.started_at::text,$3)||$4||coalesce(r.completed_at::text,$5)||$6||coalesce(r.summary::text,$7) from social.scrape_runs r where r.id = $8::uuid",2318133413327034069,7,7.193398
21,social,0.251736571428571,"select r.status,
           coalesce((r.summary->>$1)::int,$2),
           coalesce((r.summary->>$3)::int,$4),
           coalesce((r.summary->>$5)::int,$6),
           coalesce((r.summary->>$7)::int,$8),
           j.status,
           coalesce((j.metadata->$9->$10->>$11)::int,$12),
           coalesce((j.metadata->$13->>$14)::int,$15),
           coalesce((j.metadata->$16->>$17)::int,$18),
           coalesce((j.metadata->$19->>$20)::int,$21)
    from social.scrape_runs r
    left join social.scrape_jobs j on j.run_id=r.id
    where r.id=$22::uuid",-1013167987517854248,21,5.286468
3,social,1.46411166666667,"select
          r.id::text as run_id,
          r.status,
          r.created_at,
          r.started_at,
          r.config,
          r.summary
        from social.scrape_runs r
        where r.status = any(ARRAY[$1,$2,$3,$4,$5]::text[])
          and coalesce(r.config->>$6, $7) = $8
          and exists (
            select $9
            from jsonb_array_elements_text(coalesce(r.config->$10, $11::jsonb)) as platforms(value)
            where lower(platforms.value) = $12
          )
          and exists (
            select $13
            from jsonb_array_elements_text(coalesce(r.config->$14, $15::jsonb)) as accounts(value)
            where lower(accounts.value) = $16
          )
        order by r.created_at desc
        limit $17",-4434872543975397576,0,4.392335
45,social,0.0946185777777778,"select
                  total_jobs,
                  completed_jobs,
                  failed_jobs,
                  active_jobs,
                  items_found_total,
                  stage_counts
                from social.scrape_runs
                where id = $1",1928212657439966124,45,4.257836
2,social,2.0960125,"select id::text, status, created_at, started_at, completed_at, cancelled_at, config, summary
    from social.scrape_runs
    where id = $1::uuid",-402846801718752971,2,4.192025
56,social,0.072159,"select id::text as id
        from social.scrape_runs
        where id = $1::uuid
          and coalesce(config->>$2, $3) in ($4, $5)",8189841117286245484,56,4.040904
4,social,0.99112625,"select
          id::text,
          season_id::text as season_id,
          show_id::text as show_id,
          source_scope,
          status,
          config,
          summary,
          initiated_by,
          created_at,
          started_at,
          completed_at,
          cancelled_at
        from social.scrape_runs
        where season_id = $1
     and status = $2 order by created_at desc limit $3",1672519132985049477,13,3.964505
60,social,0.0531965666666667,"select sr.status,
             sr.completed_at,
             coalesce((sr.summary->>$1)::int,$2) as active_jobs,
             coalesce((sr.summary->>$3)::int,$4) as failed_jobs,
             coalesce((sr.summary->>$5)::int,$6) as completed_jobs,
             sj.items_found,
             sj.heartbeat_at,
             sj.metadata->$7 as activity
      from social.scrape_runs sr
      left join social.scrape_jobs sj on sj.run_id = sr.id and sj.job_type=$8
      where sr.id=$9",8556629968557827382,60,3.191794
2,social,1.543831,"select id::text, status, config->>$1 as failure_dismissed_at, config->>$2 as failure_dismissed_by from social.scrape_runs where id = $3::uuid",8211783604625192528,2,3.087662
12,social,0.239269666666667,"select status, config, source_scope from social.scrape_runs where id = $1",9207711809608802731,12,2.871236
2,social,1.264073,"select id::text as id, status, completed_at, summary from social.scrape_runs where id=$1::uuid",-972757857565057261,2,2.528146
6,social,0.385228333333333,"select id::text as run_id, status, created_at, started_at, completed_at, summary from social.scrape_runs where id = $1::uuid",-2466010214411792883,6,2.31137
4,social,0.560978,"select r.status,j.status,j.heartbeat_at,
coalesce((j.metadata->$1->>$2),$3) phase,
coalesce((j.metadata->$4->>$5),$6) checked,
coalesce((j.metadata->$7->>$8),$9) matched,
coalesce(items_found,$10)
from social.scrape_runs r join social.scrape_jobs j on j.run_id=r.id
where r.id=$11::uuid",-1625424437099977513,4,2.243912
12,social,0.169908833333333,"SELECT id::text AS run_id, status,
               (summary->>$1)::int AS total_jobs,
               (summary->>$2)::int AS completed_jobs,
               (summary->>$3)::int AS failed_jobs,
               COALESCE(summary->>$4,$5)::int AS active_jobs,
               created_at, completed_at
        FROM social.scrape_runs
        WHERE id = ANY(ARRAY[$6,$7,$8,$9,$10,$11,$12]::uuid[])
        ORDER BY created_at ASC",-8330702880176277007,84,2.038906
14,social,0.134399285714286,"select id::text as id, status, started_at, completed_at, summary
from social.scrape_runs where id=$1::uuid",2813560492727338252,14,1.88159
2,social,0.8513705,"select id::text as run_id, status, created_at, started_at, completed_at, config, summary from social.scrape_runs where id::text like $1",7899357879403947784,2,1.702741
7,social,0.220273285714286,"select id::text as run_id, status, summary, started_at, completed_at
    from social.scrape_runs
    where id = $1::uuid",-1866979208507659304,7,1.541913
22,social,0.0670097727272727,"select status, summary, started_at, completed_at from social.scrape_runs where id=$1",8324503060566193311,22,1.474215
15,social,0.0889943333333333,"select id::text as id,status,summary,created_at,started_at,completed_at from social.scrape_runs where id=$1",-6618048386660589451,15,1.334915
18,social,0.0389214444444444,"select id::text as id,status,summary from social.scrape_runs where id=$1",-5363391308122955375,18,0.700586
3,social,0.227842,"select id::text as id, status, completed_at, cancelled_at, summary from social.scrape_runs where id=$1::uuid",-7928694900602031765,3,0.683526
25,social,0.027019,"select status || $1 || coalesce(summary->>$2,$3) || $4 || coalesce(summary->>$5,$6) || $7 || coalesce(summary->>$8,$9) || $10 || coalesce(summary->>$11,$12) from social.scrape_runs where id=$13",-8728450282239095668,25,0.675475
6,social,0.0934793333333333,"SELECT id::text AS run_id, status,
               (summary->>$1)::int AS total_jobs,
               (summary->>$2)::int AS completed_jobs,
               (summary->>$3)::int AS failed_jobs,
               COALESCE((summary->>$4)::int,$5) AS active_jobs,
               created_at, completed_at
        FROM social.scrape_runs
        WHERE id = ANY(ARRAY[$6,$7,$8,$9,$10,$11,$12]::uuid[])
        ORDER BY created_at ASC",1301886256673732922,42,0.560876
8,social,0.038267,"select id::text as id,status,summary,created_at,started_at,completed_at,cancelled_at from social.scrape_runs where id=$1",-8593407476936217379,8,0.306136
6,social,0.0332655,"select $1||r.id::text||$2||r.status||$3||coalesce(r.started_at::text,$4)||$5||coalesce(r.completed_at::text,$6)||$7||coalesce(r.summary::text,$8) from social.scrape_runs r where r.id = $9::uuid",2747251437904614580,6,0.199593
3,social,0.0563776666666667,"select status, started_at, completed_at, summary from social.scrape_runs where id=$1::uuid",1320176141024698159,3,0.169133
5,social,0.0331868,"select status, summary::text from social.scrape_runs where id=$1",5791166846368504104,5,0.165934
2,social,0.0677175,"select id::text as run_id, status, created_at, started_at, completed_at, config, summary
from social.scrape_runs
where id = $1::uuid",4794542206130573805,2,0.135435
3,social,0.0407003333333333,"select now()::text, status, started_at::text, completed_at::text, summary::text from social.scrape_runs where id=$1::uuid",-5200430543116902858,3,0.122101
3,social,0.0381353333333333,"select config
                from social.scrape_runs
                where id = $1::uuid
                  and coalesce(config->>$2, $3) = $4
                limit $5",-3083433209458009423,3,0.114406
2,social,0.047225,"select id::text as id, status, started_at, completed_at, cancelled_at, summary
from social.scrape_runs
where id = $1::uuid",-4544733600668541677,2,0.09445
